[{"commit":"31abe12b","subject":"Revert SWIFT_COMPILATION_MODE for now as requested","body":"","commiter": {"name":"Sho Ikeda","email":"suicaicoca@gmail.com","date": 1528815046 }},{"commit":"6c873199","subject":"[ReactiveMapKit] Remove `armv7k` from `VALID_ARCHS` build setting which was for watchOS","body":"","commiter": {"name":"Sho Ikeda","email":"suicaicoca@gmail.com","date": 1528812863 }},{"commit":"33e76543","subject":"Xcode 9.4: Update to recommended settings","body":"","commiter": {"name":"Sho Ikeda","email":"suicaicoca@gmail.com","date": 1528812122 }},{"commit":"320c7ced","subject":"MapKit is not available on watchOS","body":"","commiter": {"name":"Sho Ikeda","email":"suicaicoca@gmail.com","date": 1528812070 }},{"commit":"f6a60a78","subject":"Simplified fix for issue #3596.","body":"","commiter": {"name":"傅立业","email":"17433201@qq.com","date": 1528683914 }},{"commit":"d3d56e27","subject":"Fix for issue #3596.","body":"","commiter": {"name":"傅立业","email":"17433201@qq.com","date": 1528214624 }},{"commit":"5cf8ac4f","subject":"Added a test case for issue #3596.","body":"","commiter": {"name":"傅立业","email":"17433201@qq.com","date": 1528214587 }},{"commit":"49f825a5","subject":"Update ReactiveSwift to 4.0.0-rc.1. (#3597)","body":"* Update ReactiveSwift to 4.0.0-rc.1.\n\n* Use Xcode 9.3 for CI.\n","commiter": {"name":"GitHub","email":"noreply@github.com","date": 1528149959 }},{"commit":"65085e94","subject":"Pick up the nimble matchers from ReactiveSwift","body":"This resolves a few build warnings that were already resolved in the\nReactiveSwift project by merely copying the same source file.\n","commiter": {"name":"Christopher Liscio","email":"chris@supermegaultragroovy.com","date": 1528126289 }},{"commit":"eccf055a","subject":"what's up with the whitespace in CHANGELOG.md? reverting atom's changes","body":"","commiter": {"name":"Michael Gray","email":"michael@futurekit.org","date": 1524842979 }},{"commit":"8e824f90","subject":"changelog.md","body":"","commiter": {"name":"Michael Gray","email":"michael@futurekit.org","date": 1524841891 }},{"commit":"13fa4c7c","subject":"fixes for allowing cocoapod to generate static framework","body":"","commiter": {"name":"Michael Gray","email":"michael@futurekit.org","date": 1524841756 }},{"commit":"041d35e3","subject":"support for static libs on cocoapods","body":"","commiter": {"name":"Michael Gray","email":"michael@futurekit.org","date": 1524841449 }},{"commit":"18225235","subject":"Updated CHANGELOG.md.","body":"","commiter": {"name":"Jonathan Baker","email":"jonathan@jonathanbaker.me","date": 1524678896 }},{"commit":"a074e4b0","subject":"Add view lifecycle trigger signal extensions.","body":"","commiter": {"name":"Jonathan Baker","email":"jonathan@jonathanbaker.me","date": 1524678334 }},{"commit":"4e416191","subject":"Add UIViewController.title BindingTarget.","body":"","commiter": {"name":"Jonathan Baker","email":"jonathan@jonathanbaker.me","date": 1524677510 }},{"commit":"e14dc513","subject":"make punctuation more consistent","body":"","commiter": {"name":"Marco Cancellieri","email":"marco@cancellieri.de","date": 1523361858 }},{"commit":"7625047d","subject":"remove trailing empty line","body":"","commiter": {"name":"Marco Cancellieri","email":"marco@cancellieri.de","date": 1523361716 }},{"commit":"1e6d70b9","subject":"add changelog","body":"","commiter": {"name":"Marco Cancellieri","email":"marco@cancellieri.de","date": 1523361555 }},{"commit":"570dad3c","subject":"Add UIResponder extension","body":"","commiter": {"name":"Marco Cancellieri","email":"marco@cancellieri.de","date": 1523361157 }},{"commit":"0d414bd8","subject":"correct CHANGELOG refs at 7.2.0","body":"","commiter": {"name":"BAN Jun","email":"banjun@gmail.com","date": 1523251026 }},{"commit":"b6802382","subject":"7.2.0","body":"","commiter": {"name":"Anders Ha","email":"anders@andersha.com","date": 1523191674 }},{"commit":"526fa93e","subject":"Mitigate a regression in type inference. (#3583)","body":"","commiter": {"name":"GitHub","email":"noreply@github.com","date": 1523182295 }},{"commit":"30ee38bc","subject":"Avoid flag override by adding `'(inherited)` to `OTHER_SWIFT_FLAGS[config=Release]`. (#3581)","body":"","commiter": {"name":"Anders Ha","email":"anders@andersha.com","date": 1523042677 }},{"commit":"498c9546","subject":"sign my work","body":"","commiter": {"name":"Ellen Teapot","email":"ellen.teapot@plangrid.com","date": 1522688702 }},{"commit":"ec0c8515","subject":"Add spec cases for new UINavigationItem extensions","body":"","commiter": {"name":"Ellen Teapot","email":"ellen.teapot@plangrid.com","date": 1522688662 }},{"commit":"72dd2096","subject":"Append `objc` prefixes to all ObjC messaging placeholders. (#3580)","body":"* Append `objc` prefixes to all ObjC messaging placeholders.\n\n* Fixed a few call sites that weren't using the prefixed placeholders.\n","commiter": {"name":"GitHub","email":"noreply@github.com","date": 1522415236 }},{"commit":"6a59299e","subject":"Add CHANGELOG.md entry","body":"","commiter": {"name":"Ellen Teapot","email":"ellen.teapot@plangrid.com","date": 1521670769 }},{"commit":"44a363d0","subject":"Add reactive extensions for all UINavigationItem properties","body":"","commiter": {"name":"Ellen Teapot","email":"ellen.teapot@plangrid.com","date": 1521670676 }},{"commit":"970f04a0","subject":"Handle forwarded selectors without any implementation.","body":"","commiter": {"name":"Anders Ha","email":"anders@andersha.com","date": 1520172080 }},{"commit":"8fc732d1","subject":"Reactive extension for MKLocalSearchRequest (#3571)","body":"* Reactive extension for MKLocalSearchRequest\n\n* use trailing closure\n\n* indentation\n","commiter": {"name":"Anders Ha","email":"anders@andersha.com","date": 1520029980 }},{"commit":"99c8a614","subject":"Refactor","body":"","commiter": {"name":"Ryo Aoyama","email":"r.fe51028.r@gmail.com","date": 1517576813 }},{"commit":"7563702f","subject":"Refactor","body":"","commiter": {"name":"Ryo Aoyama","email":"r.fe51028.r@gmail.com","date": 1517568598 }},{"commit":"cebe276f","subject":"Force to required to pass at least one event","body":"","commiter": {"name":"Ryo Aoyama","email":"r.fe51028.r@gmail.com","date": 1517568166 }},{"commit":"88cea8e9","subject":"Update CHANGELOG.md","body":"","commiter": {"name":"Ryo Aoyama","email":"r.fe51028.r@gmail.com","date": 1517329788 }},{"commit":"ca30a11b","subject":"Add fileprivate to KeyboardEvent.notificationName","body":"","commiter": {"name":"Ryo Aoyama","email":"r.fe51028.r@gmail.com","date": 1517327499 }},{"commit":"246cb70f","subject":"Add spec","body":"","commiter": {"name":"Ryo Aoyama","email":"r.fe51028.r@gmail.com","date": 1517326442 }},{"commit":"adaf999d","subject":"Observe the keyboard change context for specified Events","body":"","commiter": {"name":"Ryo Aoyama","email":"r.fe51028.r@gmail.com","date": 1517326070 }},{"commit":"0afb2cea","subject":"update CHANGELOG","body":"","commiter": {"name":"BAN Jun","email":"banjun@gmail.com","date": 1516769968 }},{"commit":"e8b0bb91","subject":"add specs for observing starts and ends of editing, and binding to the cancel button","body":"","commiter": {"name":"BAN Jun","email":"banjun@gmail.com","date": 1516768847 }},{"commit":"390ea8ef","subject":"add reactive extension for UISearchBar allowing access to starts and ends of editing, and the cancel button","body":"","commiter": {"name":"BAN Jun","email":"banjun@gmail.com","date": 1516768846 }},{"commit":"e5532fc8","subject":"7.1.0","body":"","commiter": {"name":"Anders Ha","email":"anders@andersha.com","date": 1515860484 }},{"commit":"cef77fbd","subject":"Update ReactiveSwift to 3.1. (#3561)","body":"","commiter": {"name":"GitHub","email":"noreply@github.com","date": 1515836607 }},{"commit":"c390de92","subject":"7.1.0-rc.2","body":"","commiter": {"name":"Anders Ha","email":"anders@andersha.com","date": 1514132911 }},{"commit":"30a08cc6","subject":"Fix broken Swift 3.2 build. (#3556)","body":"","commiter": {"name":"GitHub","email":"noreply@github.com","date": 1514100837 }},{"commit":"9eee050a","subject":"7.1.0-rc.1","body":"","commiter": {"name":"Anders Ha","email":"anders@andersha.com","date": 1514019611 }},{"commit":"f07f4622","subject":"Update ReactiveSwift to 3.1.0-rc.1. (#3555)","body":"","commiter": {"name":"GitHub","email":"noreply@github.com","date": 1514003443 }},{"commit":"54d79473","subject":"Remove no longer needed ‘try!’ (#3554)","body":"","commiter": {"name":"Anders Ha","email":"anders@andersha.com","date": 1513014256 }},{"commit":"2b609321","subject":"[CI] Use Xcode 9.2 image (#3553)","body":"* [CI] Use Xcode 9.2 image\n\n* [CI] Remove now-unnecessary Carthage re-installation\n\n* [CI] Update some xcodebuild destinations\n","commiter": {"name":"Anders Ha","email":"anders@andersha.com","date": 1512813370 }},{"commit":"a6b54fdb","subject":"Update Changelog","body":"","commiter": {"name":"Romain Pouclet","email":"romain.pouclet@gmail.com","date": 1511806467 }},{"commit":"8269faf1","subject":"Add extension for NSTextView","body":"","commiter": {"name":"Romain Pouclet","email":"romain.pouclet@gmail.com","date": 1511805215 }},{"commit":"f21566e4","subject":"7.0.1","body":"","commiter": {"name":"Anders Ha","email":"anders@andersha.com","date": 1511508565 }},{"commit":"5024e998","subject":"Make `Reactive#makeBindingTarget(…)` available on `AnyObject`, not just NSObject (#3545)","body":"* Make `Reactive#makeBindingTarget(…)` available on `AnyObject`, not just `NSObject`.\n\n* Update CHANGELOG\n","commiter": {"name":"Anders Ha","email":"anders@andersha.com","date": 1511508176 }},{"commit":"bbfec828","subject":"DynamicProperty of optional property (#3548)","body":"* Fix DynamicProperty for optional properties. #3547\n\n* Use a stored transform instead of another setter override\n","commiter": {"name":"Anders Ha","email":"anders@andersha.com","date": 1511508146 }},{"commit":"6086d355","subject":"Readme: clarify section on ABI stability release. (#3544)","body":"","commiter": {"name":"Anders Ha","email":"anders@andersha.com","date": 1511101497 }},{"commit":"8d462953","subject":"Add tintColor BindingTarget for UIView (#3542)","body":"","commiter": {"name":"Anders Ha","email":"anders@andersha.com","date": 1510986333 }},{"commit":"de8498d9","subject":"Update the podspec.","body":"","commiter": {"name":"GitHub","email":"noreply@github.com","date": 1510906040 }},{"commit":"a302b8a4","subject":"7.0.0","body":"","commiter": {"name":"Anders Ha","email":"anders@andersha.com","date": 1510896355 }},{"commit":"c37151ce","subject":"Update ReactiveSwift to 3.0.","body":"","commiter": {"name":"Anders Ha","email":"anders@andersha.com","date": 1510892271 }},{"commit":"f7b49724","subject":"Update CHANGELOG.md","body":"Per PR feedback (https://github.com/ReactiveCocoa/ReactiveCocoa/pull/3536#discussion_r150406925)","commiter": {"name":"GitHub","email":"noreply@github.com","date": 1510501761 }},{"commit":"33a01857","subject":"Add 'placeholder' BindingTarget to UITextField","body":"","commiter": {"name":"Ronald Martin","email":"ronald@plangrid.com","date": 1510466586 }},{"commit":"ab508849","subject":"7.0.0-rc.1","body":"","commiter": {"name":"Anders Ha","email":"anders@andersha.com","date": 1509423603 }},{"commit":"8ff3a228","subject":"Update ReactiveSwift to 3.0.0-rc.1.","body":"","commiter": {"name":"Anders Ha","email":"anders@andersha.com","date": 1509347008 }},{"commit":"8b9263f7","subject":"UISearchBar bindings.","body":"","commiter": {"name":"Anders Ha","email":"anders@andersha.com","date": 1508673840 }},{"commit":"e9a2b528","subject":"7.0.0-alpha.2","body":"","commiter": {"name":"Anders Ha","email":"anders@andersha.com","date": 1508531504 }},{"commit":"eff0fc3f","subject":"Update ReactiveSwift to 3.0.0 alpha 1.","body":"","commiter": {"name":"Anders Ha","email":"anders@andersha.com","date": 1508521120 }},{"commit":"fc28cff0","subject":"Temporarily override the Swift version for ReactiveMapKit pod linting.","body":"","commiter": {"name":"GitHub","email":"noreply@github.com","date": 1507600245 }},{"commit":"5456f498","subject":"Build ReactiveCocoa with Swift 4.0.","body":"","commiter": {"name":"Anders Ha","email":"anders@andersha.com","date": 1507449612 }},{"commit":"58cb8495","subject":"Update Travis CI configuration.","body":"","commiter": {"name":"Anders Ha","email":"anders@andersha.com","date": 1507449608 }},{"commit":"dac9c428","subject":"Swift 4.","body":"","commiter": {"name":"Anders Ha","email":"anders@andersha.com","date": 1507448276 }},{"commit":"a9edd503","subject":"7.0.0-alpha.1","body":"","commiter": {"name":"Anders Ha","email":"anders@andersha.com","date": 1507364707 }},{"commit":"430b253d","subject":"Update ReactiveMapKit build settings.","body":"","commiter": {"name":"Anders Ha","email":"anders@andersha.com","date": 1507308975 }},{"commit":"99fc9f8d","subject":"Update Quick and Nimble","body":"","commiter": {"name":"Sho Ikeda","email":"suicaicoca@gmail.com","date": 1507213554 }},{"commit":"6b5a1619","subject":"ReactiveMapKit.","body":"","commiter": {"name":"Anders Ha","email":"anders@andersha.com","date": 1507093915 }},{"commit":"426737b7","subject":"6.1.0-alpha.2","body":"","commiter": {"name":"Anders Ha","email":"anders@andersha.com","date": 1505975525 }},{"commit":"59ddcab4","subject":"Unmute CocoaPods warnings.","body":"","commiter": {"name":"GitHub","email":"noreply@github.com","date": 1505975437 }},{"commit":"339e7bdb","subject":"6.0.2","body":"","commiter": {"name":"Anders Ha","email":"anders@andersha.com","date": 1505975051 }},{"commit":"aa189b1f","subject":"iOS + tvOS: disable code coverage to fix app submission with Xcode 9","body":"See https://github.com/Carthage/Carthage/issues/2056.\n","commiter": {"name":"Anders Ha","email":"anders@andersha.com","date": 1505973962 }},{"commit":"5582d370","subject":"Disable code coverage for the macOS target.","body":"","commiter": {"name":"Anders Ha","email":"anders@andersha.com","date": 1505973891 }},{"commit":"39d4f2a4","subject":"Add `.swift-version` for CocoaPods.","body":"","commiter": {"name":"Anders Ha","email":"anders@andersha.com","date": 1505973879 }},{"commit":"6ec62e82","subject":"Add `.swift-version` for CocoaPods.","body":"","commiter": {"name":"GitHub","email":"noreply@github.com","date": 1505931783 }},{"commit":"63a4652e","subject":"Disable code coverage for the macOS target.","body":"","commiter": {"name":"Anders Ha","email":"anders@andersha.com","date": 1505572894 }},{"commit":"d78d7756","subject":"6.1.0-alpha.1","body":"","commiter": {"name":"Anders Ha","email":"anders@andersha.com","date": 1505571269 }},{"commit":"a3441090","subject":"Update ReactiveSwift to 2.1.0 alpha 2.","body":"","commiter": {"name":"Anders Ha","email":"anders@andersha.com","date": 1505555583 }},{"commit":"e5d074cb","subject":"iOS + tvOS: disable code coverage to fix app submission with Xcode 9","body":"See https://github.com/Carthage/Carthage/issues/2056.\n","commiter": {"name":"NachoSoto","email":"ignaciosoto90@gmail.com","date": 1505512275 }},{"commit":"17a2ad0b","subject":"Update ReactiveSwift to 2.1.0 alpha 1.","body":"","commiter": {"name":"Anders Ha","email":"anders@andersha.com","date": 1505498925 }},{"commit":"5dd7c696","subject":"Removed unnecessary map","body":"","commiter": {"name":"Alberto Salas","email":"albsala.work@gmail.com","date": 1503950390 }},{"commit":"f00bc611","subject":"Added change to CHANGELOG.md","body":"","commiter": {"name":"Alberto Salas","email":"albsala.work@gmail.com","date": 1503856655 }},{"commit":"a5394c2c","subject":"Added unit test for UISearchBar’s cancelButtonClick","body":"","commiter": {"name":"Alberto Salas","email":"albsala.work@gmail.com","date": 1503856332 }},{"commit":"db39cc1e","subject":"Added cancelButtonClick Signal to UISearchBar","body":"","commiter": {"name":"Alberto Salas","email":"albsala.work@gmail.com","date": 1503854926 }},{"commit":"43deb9cf","subject":"Fix changelog formating: Without extra newline, the header for 4.0 is not rendered as header","body":"","commiter": {"name":"Markus Chmelar","email":"mexx@innovaptor.com","date": 1502888999 }},{"commit":"afe5b34d","subject":"6.0.1","body":"","commiter": {"name":"Anders Ha","email":"anders@andersha.com","date": 1502862725 }},{"commit":"f23eac8a","subject":"Update ReactiveSwift to 2.0.1.","body":"","commiter": {"name":"Anders Ha","email":"anders@andersha.com","date": 1502856483 }},{"commit":"325a1ea7","subject":"Silent a CocoaPods warning, take 2.","body":"","commiter": {"name":"GitHub","email":"noreply@github.com","date": 1502819004 }},{"commit":"c8c4c765","subject":"Silent a CocoaPods warning.","body":"","commiter": {"name":"GitHub","email":"noreply@github.com","date": 1502815111 }},{"commit":"fa18d147","subject":"Fixed an issue causing infinite recursion in the Swift runtime.","body":"","commiter": {"name":"Anders Ha","email":"anders@andersha.com","date": 1502297433 }},{"commit":"bb31e7f9","subject":"6.0.0","body":"","commiter": {"name":"Anders Ha","email":"anders@andersha.com","date": 1500656494 }},{"commit":"b4ef5a55","subject":"Update ReactiveSwift to 2.0.0.","body":"","commiter": {"name":"Anders Ha","email":"anders@andersha.com","date": 1500655217 }},{"commit":"f170ca03","subject":"6.0.0-rc.3","body":"","commiter": {"name":"Anders Ha","email":"anders@andersha.com","date": 1499852543 }},{"commit":"ef745ddc","subject":"Update ReactiveSwift to 2.0.0-rc.3.","body":"","commiter": {"name":"Anders Ha","email":"anders@andersha.com","date": 1499846457 }},{"commit":"d2ed0b88","subject":"Reactive key path subscript.","body":"","commiter": {"name":"Anders Ha","email":"anders@andersha.com","date": 1499582344 }},{"commit":"a5689a4f","subject":"Add Xcode 9 CI tests.","body":"","commiter": {"name":"GitHub","email":"noreply@github.com","date": 1499503084 }},{"commit":"5912f537","subject":"6.0.0-rc.2","body":"","commiter": {"name":"Anders Ha","email":"anders@andersha.com","date": 1499335605 }},{"commit":"836f742b","subject":"Copy the PR template from ReactiveSwift. [skip ci]","body":"","commiter": {"name":"GitHub","email":"noreply@github.com","date": 1499281921 }},{"commit":"3d60e589","subject":"Update changelog. [skip ci]","body":"","commiter": {"name":"GitHub","email":"noreply@github.com","date": 1499281861 }},{"commit":"4ca17d62","subject":"Update ReactiveSwift to 2.0.0-rc.2.","body":"","commiter": {"name":"Anders Ha","email":"anders@andersha.com","date": 1499281428 }},{"commit":"7157f077","subject":"Replace NSObject with NSObjectProtocol in extensions","body":"","commiter": {"name":"Nick Domenicali","email":"nick@myquidd.com","date": 1499264512 }},{"commit":"ff74f2d7","subject":"Fixed typos in the changelog. [skip ci]","body":"","commiter": {"name":"GitHub","email":"noreply@github.com","date": 1498590229 }},{"commit":"df54ea59","subject":"Update changelog. [skip ci]","body":"","commiter": {"name":"GitHub","email":"noreply@github.com","date": 1498590182 }},{"commit":"781241e2","subject":"6.0.0-rc.1","body":"","commiter": {"name":"Anders Ha","email":"anders@andersha.com","date": 1498589514 }},{"commit":"d1344dd2","subject":"Update ReactiveSwift to 2.0.0-rc.1.","body":"","commiter": {"name":"Anders Ha","email":"anders@andersha.com","date": 1498584793 }},{"commit":"6f1c48a1","subject":"Change available to conditional compilation directive","body":"","commiter": {"name":"Charlotte Tortorella","email":"charlotte@monadic.consulting","date": 1498013384 }},{"commit":"2b9d1ce6","subject":"Change annotation to fit style","body":"","commiter": {"name":"Charlotte Tortorella","email":"charlotte@monadic.consulting","date": 1498005950 }},{"commit":"23196b53","subject":"Add @unavailable annotation for tvOS","body":"","commiter": {"name":"Charlotte Tortorella","email":"charlotte@monadic.consulting","date": 1498005133 }},{"commit":"5266c1c1","subject":"Add scrollsToTop as a BindingTarget on UIScrollView","body":"","commiter": {"name":"Charlotte Tortorella","email":"charlotte@monadic.consulting","date": 1497842690 }},{"commit":"a2af3025","subject":"Updated UIButtonSpec","body":"","commiter": {"name":"Andrei Kuzma","email":"andrei_kuzma@epam.com","date": 1497688353 }},{"commit":"1b588c05","subject":"Fixed issue with UIButton pressed action on tvos","body":"","commiter": {"name":"Andrei Kuzma","email":"andrei_kuzma@epam.com","date": 1497604176 }},{"commit":"81da2581","subject":"Add ability to monitor selectedRange for UITextView","body":"","commiter": {"name":"Igor Palaguta","email":"igor.palaguta@gmail.com","date": 1497350286 }},{"commit":"11fe7305","subject":"Make a KeyValueObservingSpec test be independent of the iteration count","body":"","commiter": {"name":"GitHub","email":"noreply@github.com","date": 1497307378 }},{"commit":"13f30bb7","subject":"6.0.0-alpha.1","body":"","commiter": {"name":"Anders Ha","email":"anders@andersha.com","date": 1497275268 }},{"commit":"48ac78f4","subject":"Verbose Pod spec repo update.","body":"","commiter": {"name":"Anders Ha","email":"anders@andersha.com","date": 1497244393 }},{"commit":"ec5bedbc","subject":"Update ReactiveSwift to 2.0.0 alpha 2, Result to 3.2.3, and Nimble to 7.0.1.","body":"","commiter": {"name":"Anders Ha","email":"anders@andersha.com","date": 1497242540 }},{"commit":"ae5fd00c","subject":"Update the release roadmap. [skip ci]","body":"","commiter": {"name":"GitHub","email":"noreply@github.com","date": 1497193743 }},{"commit":"bdbe99fe","subject":"5.0.4","body":"","commiter": {"name":"Anders Ha","email":"anders@andersha.com","date": 1497044215 }},{"commit":"07aefc0a","subject":"Update the changelog. [skip ci]","body":"","commiter": {"name":"GitHub","email":"noreply@github.com","date": 1497032688 }},{"commit":"9ae308b5","subject":"Beefed up the descriptions of control event signals. [skip ci]","body":"","commiter": {"name":"GitHub","email":"noreply@github.com","date": 1497032548 }},{"commit":"13629e36","subject":"UITextField text signal now reacts to `editingDidEndOnExit`.","body":"","commiter": {"name":"Anders Ha","email":"anders@andersha.com","date": 1497020327 }},{"commit":"46430da3","subject":"Introduce `mapControlEvents`.","body":"","commiter": {"name":"Anders Ha","email":"anders@andersha.com","date": 1496600248 }},{"commit":"9d38b0dd","subject":"Update changelog. [skip ci]","body":"","commiter": {"name":"GitHub","email":"noreply@github.com","date": 1496521195 }},{"commit":"5063f086","subject":"Update the change log. [skip ci]","body":"","commiter": {"name":"Anders Ha","email":"anders@andersha.com","date": 1495875627 }},{"commit":"949d135e","subject":"Introduce `take(duringLifetimeOf:)`.","body":"","commiter": {"name":"Anders Ha","email":"anders@andersha.com","date": 1495875440 }},{"commit":"b2c54aec","subject":"Safe, read-only `DynamicProperty` as `Property`.","body":"","commiter": {"name":"Anders Ha","email":"anders@andersha.com","date": 1494252394 }},{"commit":"e9d25cbe","subject":"Full buffering in `CocoaTarget` for reentrant calls.","body":"","commiter": {"name":"Anders Ha","email":"anders@andersha.com","date": 1494083966 }},{"commit":"4776f291","subject":"Use unowned reference in `DynamicProperty`.","body":"","commiter": {"name":"Anders Ha","email":"anders@andersha.com","date": 1493269530 }},{"commit":"48db1473","subject":"Fix bad productName values","body":"","commiter": {"name":"Christopher Liscio","email":"chris@supermegaultragroovy.com","date": 1493229319 }},{"commit":"573a8783","subject":"Restore the bridging casts in InterceptingSpec for Swift 3.1+.","body":"","commiter": {"name":"Anders Ha","email":"anders@andersha.com","date": 1493146593 }},{"commit":"adcf6316","subject":"Disable UISwitch spec deallocation check for iOS prior to 10.2.","body":"","commiter": {"name":"Anders Ha","email":"anders@andersha.com","date": 1493133977 }},{"commit":"ff5c12b0","subject":"Updated test cases to be compatible with Swift 3.0. NSNumber, NSValue and NSNull bridging was introduced since Swift 3.0.1.","body":"","commiter": {"name":"Anders Ha","email":"anders@andersha.com","date": 1493133861 }},{"commit":"96793fdd","subject":"Fixed a Swift 3.0 crash due to an errorous `Associations` overload signature.","body":"","commiter": {"name":"Anders Ha","email":"anders@andersha.com","date": 1493133483 }},{"commit":"b608a5d6","subject":"Fixed a bridging issue in `KeyboardChangeContext`.","body":"","commiter": {"name":"Anders Ha","email":"anders@andersha.com","date": 1493064908 }},{"commit":"8b4c180a","subject":"Fix iOS CI test, and add 32-bit iOS test.","body":"","commiter": {"name":"Anders Ha","email":"anders@andersha.com","date": 1493064863 }},{"commit":"f7dd3766","subject":"Update .gitignore. [skip ci]","body":"","commiter": {"name":"Anders Ha","email":"anders@andersha.com","date": 1493047690 }},{"commit":"ce4f9c7f","subject":"Reentrance support in `CocoaTarget.invoke`.","body":"","commiter": {"name":"Anders Ha","email":"anders@andersha.com","date": 1492163833 }},{"commit":"fdc02f18","subject":"5.0.3","body":"","commiter": {"name":"Anders Ha","email":"anders@andersha.com","date": 1491672994 }},{"commit":"24af9360","subject":"Continuous UITextField signals now react to all editing events.","body":"","commiter": {"name":"Anders Ha","email":"anders@andersha.com","date": 1491669825 }},{"commit":"e5b6f827","subject":"New KVO test case for #3443. The bug was fixed in #3439. It caused the KVO logic to observe the deallocation of object values of non-weak properties, causing various issues including but not limited to deadlocks and unexpected `nil`s.","body":"","commiter": {"name":"Anders Ha","email":"anders@andersha.com","date": 1491669719 }},{"commit":"ce60a865","subject":"Test cases for KVO on dependent keys.","body":"","commiter": {"name":"Anders Ha","email":"anders@andersha.com","date": 1491669719 }},{"commit":"58414f7c","subject":"Updated a comment in ActionProxy.","body":"","commiter": {"name":"Anders Ha","email":"anders@andersha.com","date": 1491665857 }},{"commit":"78346b55","subject":"Use ObjC association directly for proxy storage.","body":"","commiter": {"name":"Anders Ha","email":"anders@andersha.com","date": 1491665463 }},{"commit":"bb670fe0","subject":"Resolved a couple of interoperability issues of RAC method swizzling. Two boundary cases were resolved: proxying-then-KVO and interception-then-proxying. A circular invocation bug was also fixed, which would happen on RAC-intercepted, KVO-swizzled selectors when KVO creates its subclass on top of the RAC runtime subclass. Preconditions were also added to trap upon unsupported swizzling combinations.","body":"","commiter": {"name":"Anders Ha","email":"anders@andersha.com","date": 1491557009 }},{"commit":"7b0cddbe","subject":"Revert 'Disabled four ActionProxy/DelegateProxy interop test cases.'","body":"This reverts commit a925d854aa60451b369dbccefd3b6291b0188550.\n","commiter": {"name":"Anders Ha","email":"anders@andersha.com","date": 1491552952 }},{"commit":"af1d2366","subject":"Capture the superclass instead of relying on `+class`. The class hierarchy up to the subclass returned by `swizzleClass` is immutable. So instead of `+class`, the superclass can be obtained upfront.","body":"","commiter": {"name":"Anders Ha","email":"anders@andersha.com","date": 1491497320 }},{"commit":"a925d854","subject":"Disabled four ActionProxy/DelegateProxy interop test cases.","body":"","commiter": {"name":"Anders Ha","email":"anders@andersha.com","date": 1491461238 }},{"commit":"434227c2","subject":"Fixed an ActionProxy crash when `NSApp` is not present.","body":"","commiter": {"name":"Anders Ha","email":"anders@andersha.com","date": 1491461236 }},{"commit":"d3b850e3","subject":"Refined the DelegateProxy implementation.","body":"","commiter": {"name":"Anders Ha","email":"anders@andersha.com","date": 1491461232 }},{"commit":"b774210c","subject":"Identify delegate proxies by the setter selector.","body":"","commiter": {"name":"Anders Ha","email":"anders@andersha.com","date": 1491461147 }},{"commit":"e8bfbfc4","subject":"Fixed an interoperability issue with KVO in the swizzling logic. The original implementation had not taken account of the existence of other swizzling users.","body":"","commiter": {"name":"Anders Ha","email":"anders@andersha.com","date": 1491461147 }},{"commit":"378f662f","subject":"New test cases: ActionProxySpec and DelegateProxySpec.","body":"","commiter": {"name":"Anders Ha","email":"anders@andersha.com","date": 1491461147 }},{"commit":"4b53fed0","subject":"Specify an unambiguous simulator","body":"","commiter": {"name":"Matt Diephouse","email":"matt@diephouse.com","date": 1491443356 }},{"commit":"d5c5948c","subject":"Fix CI by specifying valid, specific simulators","body":"","commiter": {"name":"Matt Diephouse","email":"matt@diephouse.com","date": 1491442888 }},{"commit":"14746024","subject":"BindingTargets for UIFeedbackGenerator","body":"","commiter": {"name":"Marco Cancellieri","email":"marco@cancellieri.de","date": 1491410708 }},{"commit":"fd14f894","subject":"Make it fileprivate as requested","body":"","commiter": {"name":"Syo Ikeda","email":"suicaicoca@gmail.com","date": 1491402197 }},{"commit":"2674457c","subject":"Remove obsolete .swift-version which was used in RAC 4.x","body":"","commiter": {"name":"Syo Ikeda","email":"suicaicoca@gmail.com","date": 1491400416 }},{"commit":"6800645e","subject":"Silence the warnings","body":"- Avoids passing optional values to string interpolation\n- Avoids using `class func initialize()` which should be unavailable in future Swift version\n- Replaces deprecated API usages\n","commiter": {"name":"Syo Ikeda","email":"suicaicoca@gmail.com","date": 1491400343 }},{"commit":"24c18cac","subject":"Update podspec","body":"","commiter": {"name":"Syo Ikeda","email":"suicaicoca@gmail.com","date": 1491394504 }},{"commit":"15775877","subject":"fix availabilities","body":"","commiter": {"name":"Marco Cancellieri","email":"marco@cancellieri.de","date": 1491391335 }},{"commit":"62c1740e","subject":"Add Extensions for UINavigationItem & UITabBarItem","body":"UINavigationItem\n- title\n- prompt\n\nUITabBarItem\n- badgeValue\n- badgeColor\n","commiter": {"name":"Marco Cancellieri","email":"marco@cancellieri.de","date": 1491386619 }},{"commit":"122b076c","subject":"Update the pod spec to silent deprecation warnings.","body":"","commiter": {"name":"Anders Ha","email":"anders@andersha.com","date": 1491333265 }},{"commit":"817fb40d","subject":"Update documentation","body":"This update contains changes to the documentation of return values.\n","commiter": {"name":"Eimantas Vaiciunas","email":"eimantas@walkingsmarts.com","date": 1491243401 }},{"commit":"ba0ad5e1","subject":"Add an item about documenting return value","body":"","commiter": {"name":"Eimantas Vaiciunas","email":"eimantas@walkingsmarts.com","date": 1491243363 }},{"commit":"b5a9e313","subject":"Native Swift Object support in RAC KVO API.","body":"","commiter": {"name":"Anders Ha","email":"anders@andersha.com","date": 1491242989 }},{"commit":"9c40526d","subject":"Tune down the interception perf tests.","body":"","commiter": {"name":"GitHub","email":"noreply@github.com","date": 1491151273 }},{"commit":"ba80357c","subject":"Disable the MapView deallocation check for macOS.","body":"","commiter": {"name":"GitHub","email":"noreply@github.com","date": 1491151065 }},{"commit":"aef73316","subject":"add window","body":"","commiter": {"name":"Seil Oh","email":"hardboiledbaby@gmail.com","date": 1491111610 }},{"commit":"2d17addc","subject":"add test case to demonstrate nsbutton inside nsttackview issue.","body":"","commiter": {"name":"Seil Oh","email":"hardboiledbaby@gmail.com","date": 1491105676 }},{"commit":"9ab7d8f0","subject":"Put button inside NSWindow for responder chain to take effect.","body":"","commiter": {"name":"Seil Oh","email":"hardboiledbaby@gmail.com","date": 1491104418 }},{"commit":"5f6dbbaa","subject":"Fixed badges in the README.","body":"","commiter": {"name":"GitHub","email":"noreply@github.com","date": 1490901730 }},{"commit":"362d6499","subject":"5.0.2","body":"","commiter": {"name":"Anders","email":"anders@andersha.com","date": 1490901639 }},{"commit":"85b93818","subject":"Update `.swift-version`.","body":"","commiter": {"name":"Anders","email":"anders@andersha.com","date": 1490884692 }},{"commit":"c8a184d4","subject":"Use Xcode 8.3 (Swift 3.1) image for CI.","body":"","commiter": {"name":"Anders","email":"anders@andersha.com","date": 1490884581 }},{"commit":"2be913dd","subject":"Update dependencies (Nimble, RAS & Result).","body":"","commiter": {"name":"Anders","email":"anders@andersha.com","date": 1490884534 }},{"commit":"a9631a05","subject":"Fixed a false negative in `DelegateProxy.responds(to:)`. It happened on a selector when the proxy has a forwardee, is implemented by the forwardee and is not implemented by the proxy.","body":"","commiter": {"name":"Anders","email":"anders@andersha.com","date": 1490874770 }},{"commit":"79add39d","subject":"Added `DelegateProxySpec`.","body":"","commiter": {"name":"Anders","email":"anders@andersha.com","date": 1490874553 }},{"commit":"f21fb2bb","subject":"Saved an unnecessary call to the original setter in `DelegateProxy`.","body":"","commiter": {"name":"Anders","email":"anders@andersha.com","date": 1490874010 }},{"commit":"d0b874fc","subject":"The proxy signals should respect the lifetime of the delegator.","body":"","commiter": {"name":"Anders","email":"anders@andersha.com","date": 1490873333 }},{"commit":"6b38abc1","subject":"Fixed an bug preventing the forwardee from being cleared in `DelegateProxy`.","body":"","commiter": {"name":"Anders","email":"anders@andersha.com","date": 1490870386 }},{"commit":"5fed5a1e","subject":"Improve the documentation of `NSObject.swizzle`.","body":"","commiter": {"name":"Anders","email":"anders@andersha.com","date": 1490677801 }},{"commit":"6582b3c0","subject":"ActionProxy: s/signal/invoked/; s/consume/invoke/","body":"","commiter": {"name":"Anders","email":"anders@andersha.com","date": 1490677755 }},{"commit":"58768288","subject":"Streamlined `ActionProxy.consume`.","body":"","commiter": {"name":"Anders","email":"anders@andersha.com","date": 1490677754 }},{"commit":"c3a03871","subject":"Share swizzling logic between ActionProxy and DelegateProxy.","body":"","commiter": {"name":"Anders","email":"anders@andersha.com","date": 1490669524 }},{"commit":"5cf239c9","subject":"Added two test cases for the `ActionProxy` related swizzling.","body":"","commiter": {"name":"Anders","email":"anders@andersha.com","date": 1490668529 }},{"commit":"a2de5166","subject":"Hide the NSControl interception.","body":"","commiter": {"name":"Anders","email":"anders@andersha.com","date": 1490668529 }},{"commit":"2a8989f3","subject":"Fixed an occurrence of exception due to key path tail observers not being detached. This happens specifically when a nested key path is being observed, for example `parent.child`, where `parent` is being replaced by a new object. `KeyValueObserver` is not eager enough to clean up the tails, causing the then-deallocated object (the original `parent`) to have still observers attached.","body":"","commiter": {"name":"Anders","email":"anders@andersha.com","date": 1490343420 }},{"commit":"a36bd533","subject":"Mark forgotten test from master as pending due to off-topic failure.","body":"See https://github.com/ReactiveCocoa/ReactiveCocoa/pull/3413#issuecomment-288329465","commiter": {"name":"Kim Burge Strand","email":"kim@burgestrand.se","date": 1490259761 }},{"commit":"9983971b","subject":"Add `NSObject.reactive.signal(forKeyPath:)`.","body":"Tests remain largely the same for both `signal` and `producer` of a key\npath, with a few special cases for the producer regarding the initial\nvalue.\n\nThere's actually two `NOTE`s in this code, both related to weak references:\n\n- if a weak reference in a key path is deallocated, should a change happen\n  with a `nil` value?\n- it appears that the underlying implementation might keep weak references\n  in a key path alive for longer than they should be alive","commiter": {"name":"Kim Burge Strand","email":"kim@burgestrand.se","date": 1489751591 }},{"commit":"d89ae2fe","subject":"Rename `NSObject.reactive.values(forKeyPath:)` to `producer(forKeyPath:)`.","body":"See ReactiveCocoa/ReactiveCocoa#3413.\n","commiter": {"name":"Kim Burge Strand","email":"kim@burgestrand.se","date": 1489751477 }},{"commit":"a92ac754","subject":"add textColor  QuickSpec","body":"","commiter": {"name":"ningxiaoming","email":"c12dd@126.com","date": 1489318699 }},{"commit":"6743fc74","subject":"add Sets the textColor of the text field","body":"","commiter": {"name":"ningxiaoming","email":"c12dd@126.com","date": 1489223361 }},{"commit":"b0031eee","subject":"Update Nimble to be built with Swift 3.1","body":"","commiter": {"name":"Syo Ikeda","email":"suicaicoca@gmail.com","date": 1488777405 }},{"commit":"3702f866","subject":"Utilize `Lifetime.make()` from RAS 1.1","body":"","commiter": {"name":"Syo Ikeda","email":"suicaicoca@gmail.com","date": 1488635830 }},{"commit":"866637c4","subject":"Fix a `SchedulerProtocol` usage warning","body":"","commiter": {"name":"Syo Ikeda","email":"suicaicoca@gmail.com","date": 1488362011 }},{"commit":"52718627","subject":"5.0.1","body":"","commiter": {"name":"Anders","email":"anders@andersha.com","date": 1488352051 }},{"commit":"41bcdf79","subject":"Update Cartfile and podspec as well","body":"Since RAS 1.0 and 1.1 are not binary compatible, we should explicitly require RAS 1.1.\n","commiter": {"name":"Syo Ikeda","email":"suicaicoca@gmail.com","date": 1488294908 }},{"commit":"6c6727d3","subject":"Update ReactiveSwift to 1.1.0.","body":"","commiter": {"name":"Anders","email":"anders@andersha.com","date": 1488289800 }},{"commit":"dcc47054","subject":"Represent selection with a named tuple","body":"","commiter": {"name":"Dave Caunt","email":"dcaunt@gmail.com","date": 1486649005 }},{"commit":"d06e4843","subject":"Added parameter to the other documentation as well.","body":"","commiter": {"name":"Alper Çugun","email":"github@alper.nl","date": 1486648042 }},{"commit":"0ad76d8d","subject":"Fix #selector usage in README and docs","body":"","commiter": {"name":"kean","email":"grebenyuk.alexander@gmail.com","date": 1486640892 }},{"commit":"2600b7e3","subject":"Correctly initialize the submodules","body":"This seems to be a bug as discussed in #3383","commiter": {"name":"GitHub","email":"noreply@github.com","date": 1486573456 }},{"commit":"51470c8a","subject":"Add Selection type for UIPickerView extension","body":"","commiter": {"name":"Dave Caunt","email":"dcaunt@gmail.com","date": 1486567613 }},{"commit":"7ac4e142","subject":"Add UIPickerView reactive extensions","body":"","commiter": {"name":"Dave Caunt","email":"dcaunt@gmail.com","date": 1486468750 }},{"commit":"f94682b1","subject":"Removed UISearchBar docs that are no longer necessary.","body":"","commiter": {"name":"Anders","email":"anders@andersha.com","date": 1486234833 }},{"commit":"af67e4e3","subject":"Workaround to compiler issues.","body":"","commiter": {"name":"Anders","email":"anders@andersha.com","date": 1486234833 }},{"commit":"2016867a","subject":"Fix typo","body":"- Add an apostrophe.\n- Fix header level.","commiter": {"name":"GitHub","email":"noreply@github.com","date": 1486159572 }},{"commit":"18e61814","subject":"Add `isSecureTextEntry` binding to UITextField.","body":"","commiter": {"name":"Jan Klausa","email":"jan@klausa.pl","date": 1486138938 }},{"commit":"9d755031","subject":"Add a few missing bindings","body":"","commiter": {"name":"Christopher Liscio","email":"chris@supermegaultragroovy.com","date": 1486050132 }},{"commit":"a58a3360","subject":"Removing some unnecessary bits, adding tests","body":"","commiter": {"name":"Christopher Liscio","email":"chris@supermegaultragroovy.com","date": 1485887246 }},{"commit":"47097648","subject":"Delegate interception for UISearchBar.","body":"","commiter": {"name":"Anders","email":"anders@andersha.com","date": 1485807682 }},{"commit":"f2b767e3","subject":"Add missing `extern` keyword","body":"","commiter": {"name":"Christopher Liscio","email":"chris@supermegaultragroovy.com","date": 1485793858 }},{"commit":"8979594f","subject":"Add another cross-platform wrapper","body":"","commiter": {"name":"Christopher Liscio","email":"chris@supermegaultragroovy.com","date": 1485793838 }},{"commit":"a3746ca8","subject":"Adding some additional AppKit control bindings","body":"","commiter": {"name":"Christopher Liscio","email":"chris@supermegaultragroovy.com","date": 1484925921 }},{"commit":"84ba3bfb","subject":"Add some extra control bindings","body":"","commiter": {"name":"Christopher Liscio","email":"chris@supermegaultragroovy.com","date": 1484849373 }},{"commit":"31ef96e9","subject":"Update README and Info.plist for 5.0 release","body":"","commiter": {"name":"Syo Ikeda","email":"suicaicoca@gmail.com","date": 1484577905 }},{"commit":"b390ecb3","subject":"5.0.0","body":"","commiter": {"name":"Matt Diephouse","email":"matt@diephouse.com","date": 1484575267 }},{"commit":"80b66f85","subject":"Fix broken link","body":"","commiter": {"name":"Dave Caunt","email":"dcaunt@gmail.com","date": 1484315013 }},{"commit":"5c177a21","subject":"Update binding links","body":"","commiter": {"name":"Dave Caunt","email":"dcaunt@gmail.com","date": 1484314782 }},{"commit":"53e9fa20","subject":"Fix documentation index BindingTarget link","body":"","commiter": {"name":"Dave Caunt","email":"dcaunt@gmail.com","date": 1484314336 }},{"commit":"b06edd15","subject":"Update MutableProperty line link","body":"","commiter": {"name":"Dave Caunt","email":"dcaunt@gmail.com","date": 1484314214 }},{"commit":"a8f03f79","subject":"Fix README BindingTarget link","body":"","commiter": {"name":"Dave Caunt","email":"dcaunt@gmail.com","date": 1484314148 }},{"commit":"8ac48742","subject":"update test to make sure click disables the button","body":"","commiter": {"name":"David Ohayon","email":"ohayon.1@gmail.com","date": 1484242602 }},{"commit":"f65724c6","subject":"test isenabled","body":"","commiter": {"name":"David Ohayon","email":"ohayon.1@gmail.com","date": 1484240946 }},{"commit":"6dda12f5","subject":"use modify","body":"","commiter": {"name":"David Ohayon","email":"ohayon.1@gmail.com","date": 1484240665 }},{"commit":"578b41df","subject":"Add signal for selected NSMenuItems to NSPopUpButton","body":"","commiter": {"name":"David Ohayon","email":"ohayon.1@gmail.com","date": 1484238790 }},{"commit":"0c821792","subject":"add tests","body":"","commiter": {"name":"David Ohayon","email":"ohayon.1@gmail.com","date": 1484169218 }},{"commit":"15e31b52","subject":"Mark `unsafeCocoaAction` as unavailable.","body":"","commiter": {"name":"Anders","email":"anders@andersha.com","date": 1484166861 }},{"commit":"468f586d","subject":"go back to private trigger","body":"","commiter": {"name":"David Ohayon","email":"ohayon.1@gmail.com","date": 1484159172 }},{"commit":"0c1ac132","subject":"Use CocoaAction","body":"","commiter": {"name":"David Ohayon","email":"ohayon.1@gmail.com","date": 1484159102 }},{"commit":"29bb1c08","subject":"add pressed signal for nsbutton","body":"","commiter": {"name":"David Ohayon","email":"ohayon.1@gmail.com","date": 1484151646 }},{"commit":"44568ca3","subject":"Minor changes to the ObjC-to-Swift table in CHANGELOG.","body":"[skip ci]","commiter": {"name":"GitHub","email":"noreply@github.com","date": 1483976855 }},{"commit":"ee78f8f1","subject":"Small improvement to CocoaAction docs","body":"Added back-ticks around `Action` to indicate that it's a type.","commiter": {"name":"GitHub","email":"noreply@github.com","date": 1483729368 }},{"commit":"bae9e546","subject":"Update ReactiveSwift to 1.0.0","body":"","commiter": {"name":"Syo Ikeda","email":"suicaicoca@gmail.com","date": 1483323440 }},{"commit":"98ebab15","subject":"Update the README layout to match ReactiveSwift. [skip ci]","body":"","commiter": {"name":"Anders","email":"anders@andersha.com","date": 1483217910 }},{"commit":"7554d6b8","subject":"5.0.0-rc.1","body":"","commiter": {"name":"Anders","email":"anders@andersha.com","date": 1482876488 }},{"commit":"da245122","subject":"Gardening in `NSObject+Association` and related call sites.","body":"","commiter": {"name":"Anders","email":"anders@andersha.com","date": 1482617811 }},{"commit":"c1fa1b25","subject":"Gardening in `NSObject+Intercepting`.","body":"","commiter": {"name":"Anders","email":"anders@andersha.com","date": 1482568016 }},{"commit":"4669f75a","subject":"Rename association APIs. Document the association keys.","body":"","commiter": {"name":"Anders","email":"anders@andersha.com","date": 1482542859 }},{"commit":"2ba53bf9","subject":"Move `setupInterception` into an `NSObject` extension.","body":"","commiter": {"name":"Anders","email":"anders@andersha.com","date": 1482542704 }},{"commit":"8820525e","subject":"Use IMP cache backed calls in the `forwardInvocation` impl.","body":"","commiter": {"name":"Anders","email":"anders@andersha.com","date": 1482542196 }},{"commit":"32584def","subject":"Migrate selector cache to use Read-Copy-Update.","body":"","commiter": {"name":"Anders","email":"anders@andersha.com","date": 1482541920 }},{"commit":"812fa2a1","subject":"Allocate a contiguous memory block for association keys.","body":"","commiter": {"name":"Anders","email":"anders@andersha.com","date": 1482536827 }},{"commit":"ba24e045","subject":"Removed the unused `Atomic` copy.","body":"","commiter": {"name":"Anders","email":"anders@andersha.com","date": 1482534930 }},{"commit":"8f631bd5","subject":"Fix podspec which was broken in 5.0.0-alpha.6","body":"","commiter": {"name":"Syo Ikeda","email":"suicaicoca@gmail.com","date": 1482453002 }},{"commit":"8b939746","subject":"5.0.0-alpha.6","body":"","commiter": {"name":"Anders","email":"anders@andersha.com","date": 1482449376 }},{"commit":"4f2769bb","subject":"Mention the necessary import of ReactiveSwift","body":"","commiter": {"name":"Markus Chmelar","email":"mexx@innovaptor.com","date": 1482338439 }},{"commit":"f16d6c7c","subject":"fixed typo","body":"","commiter": {"name":"Seil Oh","email":"hardboiledbaby@gmail.com","date": 1482287708 }},{"commit":"a216bc77","subject":"5.0.0-alpha.5","body":"","commiter": {"name":"Anders","email":"anders@andersha.com","date": 1482093481 }},{"commit":"16e15c90","subject":"5.0.0-alpha.4","body":"","commiter": {"name":"Anders","email":"anders@andersha.com","date": 1482067546 }},{"commit":"e659fd45","subject":"Update tests for ReactiveSwift 1.0 RC1","body":"","commiter": {"name":"David Caunt","email":"dcaunt@gmail.com","date": 1481995036 }},{"commit":"2a435b10","subject":"Fix testcase for recent version of master","body":"","commiter": {"name":"Markus Chmelar","email":"mexx@innovaptor.com","date": 1481971675 }},{"commit":"2ed0c909","subject":"Change name of UISwitch action to `toggled`","body":"","commiter": {"name":"Markus Chmelar","email":"mexx@innovaptor.com","date": 1481971510 }},{"commit":"51e0ad52","subject":"Add reactive.valueChanged action to UISwitch","body":"","commiter": {"name":"Markus Chmelar","email":"mexx@innovaptor.com","date": 1481971510 }},{"commit":"6e6bc2e2","subject":"Fix NSPopUpButtonSpec for RAS 1.0.0-rc.1.","body":"","commiter": {"name":"Anders","email":"anders@andersha.com","date": 1481946317 }},{"commit":"9ddfa96d","subject":"Bound the properties of `CocoaAction` to the main thread.","body":"","commiter": {"name":"Anders","email":"anders@andersha.com","date": 1481869991 }},{"commit":"d99c9853","subject":"Allow any arbitrary scheduler in `makeBindingTarget`.","body":"","commiter": {"name":"Anders","email":"anders@andersha.com","date": 1481869967 }},{"commit":"4c3f0a09","subject":"Remove the unused parameter in `makeBindingTarget`.","body":"","commiter": {"name":"Anders","email":"anders@andersha.com","date": 1481869967 }},{"commit":"69d4ca9f","subject":"Public `NSObject.makeBindingTarget`.","body":"","commiter": {"name":"Anders","email":"anders@andersha.com","date": 1481869967 }},{"commit":"d847c493","subject":"Force CI to use iOS 10.2 Simulator.","body":"","commiter": {"name":"Anders","email":"anders@andersha.com","date": 1481867241 }},{"commit":"93805069","subject":"Update ReactiveSwift to 1.0.0-rc.1.","body":"","commiter": {"name":"Anders","email":"anders@andersha.com","date": 1481861640 }},{"commit":"d32003e5","subject":"Release Roadmap","body":"","commiter": {"name":"GitHub","email":"noreply@github.com","date": 1481860713 }},{"commit":"a581574e","subject":"revert emitting signals to non-optional","body":"","commiter": {"name":"Seil Oh","email":"hardboiledbaby@gmail.com","date": 1481853509 }},{"commit":"c1706468","subject":"convert all to optional","body":"","commiter": {"name":"Seil Oh","email":"hardboiledbaby@gmail.com","date": 1481848026 }},{"commit":"936d842f","subject":"Add reactive extensions for UIScrollView","body":"","commiter": {"name":"Dave Caunt","email":"dcaunt@gmail.com","date": 1481818365 }},{"commit":"e6cc1ba1","subject":"Fix a typo","body":"","commiter": {"name":"Dave Caunt","email":"dcaunt@gmail.com","date": 1481798397 }},{"commit":"5db41f1b","subject":"Update comment","body":"","commiter": {"name":"David Caunt","email":"dcaunt@gmail.com","date": 1481743530 }},{"commit":"771933d3","subject":"Improved formattings.","body":"","commiter": {"name":"Seil Oh","email":"hardboiledbaby@gmail.com","date": 1481674317 }},{"commit":"b1f48b3e","subject":"Add docs, runtime error for delegate override","body":"","commiter": {"name":"David Caunt","email":"dcaunt@gmail.com","date": 1481654132 }},{"commit":"cccc4460","subject":"Add reactive NSPopUpButton","body":"","commiter": {"name":"Seil Oh","email":"hardboiledbaby@gmail.com","date": 1481596408 }},{"commit":"f1e1acdd","subject":"Update DebuggingTechniques","body":"","commiter": {"name":"Markus Chmelar","email":"mexx@innovaptor.com","date": 1481456921 }},{"commit":"d444544a","subject":"Add specific references to documents in ReactiveSwift that are now removed in ReactiveCocoa","body":"","commiter": {"name":"Markus Chmelar","email":"mexx@innovaptor.com","date": 1481453736 }},{"commit":"ea728990","subject":"Remove DesignGuidelines","body":"","commiter": {"name":"Markus Chmelar","email":"mexx@innovaptor.com","date": 1481453503 }},{"commit":"c6880366","subject":"Update Design Guidelines","body":"","commiter": {"name":"Markus Chmelar","email":"mexx@innovaptor.com","date": 1481453489 }},{"commit":"09869ab9","subject":"Remove Documentation that is already in ReactiveSwift","body":"","commiter": {"name":"Markus Chmelar","email":"mexx@innovaptor.com","date": 1481452849 }},{"commit":"ee4081e2","subject":"Add reactive UISearchBar","body":"","commiter": {"name":"Dave Caunt","email":"dcaunt@gmail.com","date": 1481287887 }},{"commit":"53ce17a4","subject":"Improved the documentation. Minor refactoring.","body":"","commiter": {"name":"Anders","email":"anders@andersha.com","date": 1481173325 }},{"commit":"49dd8dc8","subject":"Use `Unmanaged` references in the message forwarding implementation.","body":"","commiter": {"name":"Anders","email":"anders@andersha.com","date": 1481021542 }},{"commit":"43403320","subject":"Fixed a `Lifetime` related KVO crash.","body":"","commiter": {"name":"Anders","email":"anders@andersha.com","date": 1481021054 }},{"commit":"5e2ee39f","subject":"Fix the build.","body":"","commiter": {"name":"Caleb Davenport","email":"caleb@calebd.me","date": 1480805443 }},{"commit":"434955cb","subject":"Send the UIControl sender for each control event","body":"Changes `Reactive<UIControl>.trigger(for:)` to emit the control itself\nfor each value, and as it is no longer just a trigger signal, renames it\n`controlEvents(_:)`.\n\nStreamlines the definition of the various value-changed convenience\nsignals, and removes the need to capture an extra unowned reference.\n","commiter": {"name":"Adam Sharp","email":"adsharp@me.com","date": 1480617310 }},{"commit":"6a62cb0d","subject":"Update test name.","body":"","commiter": {"name":"Caleb Davenport","email":"caleb@calebd.me","date": 1480611260 }},{"commit":"209d4b0b","subject":"Rename internal property names.","body":"","commiter": {"name":"Caleb Davenport","email":"caleb@calebd.me","date": 1480610233 }},{"commit":"0f4af81e","subject":"Reduce code duplication.","body":"","commiter": {"name":"Caleb Davenport","email":"caleb@calebd.me","date": 1480609909 }},{"commit":"b89e774b","subject":"Add tests for isRefreshing <~ isExecuting binding.","body":"","commiter": {"name":"Caleb Davenport","email":"caleb@calebd.me","date": 1480609457 }},{"commit":"5a443bb7","subject":"Rename refresh action.","body":"","commiter": {"name":"Caleb Davenport","email":"caleb@calebd.me","date": 1480609457 }},{"commit":"09317fc6","subject":"Bind action isExecuting to refresh control isRefreshing.","body":"","commiter": {"name":"Caleb Davenport","email":"caleb@calebd.me","date": 1480609457 }},{"commit":"14dbc733","subject":"Remove `refresh` signal and add `refreshed` action to UIRefreshControl.","body":"","commiter": {"name":"Caleb Davenport","email":"caleb@calebd.me","date": 1480609457 }},{"commit":"3cd43b1f","subject":"Add attributed title binding.","body":"","commiter": {"name":"Caleb Davenport","email":"caleb@calebd.me","date": 1480609457 }},{"commit":"4135229f","subject":"Add comments.","body":"","commiter": {"name":"Caleb Davenport","email":"caleb@calebd.me","date": 1480609457 }},{"commit":"7019638a","subject":"Add reactive refresh control.","body":"","commiter": {"name":"Caleb Davenport","email":"caleb@calebd.me","date": 1480609457 }},{"commit":"62481dd5","subject":"Moved `keyboardChange` back to `Reactive<NotificationCenter>`.","body":"","commiter": {"name":"Anders","email":"anders@andersha.com","date": 1480452334 }},{"commit":"82e2d87f","subject":"Update ReactiveSwift to 1.0.0-alpha.4.","body":"","commiter": {"name":"Adam Sharp","email":"sharplet@users.noreply.github.com","date": 1480433837 }},{"commit":"d4833b29","subject":"Add ReactiveCocoa specific documentation","body":"","commiter": {"name":"Markus Chmelar","email":"mexx@innovaptor.com","date": 1480419318 }},{"commit":"6c544871","subject":"Added `UIView.Type.reactive.keyboardChange`.","body":"","commiter": {"name":"Anders","email":"anders@andersha.com","date": 1480391828 }},{"commit":"c9dac3eb","subject":"Update ReactiveSwift to 1.0.0-alpha.4.","body":"","commiter": {"name":"Anders","email":"anders@andersha.com","date": 1480391072 }},{"commit":"86387ea2","subject":"Only build pushes to master and PRs on CI","body":"See https://github.com/ReactiveCocoa/ReactiveSwift/pull/130.\n","commiter": {"name":"Adam Sharp","email":"sharplet@users.noreply.github.com","date": 1480382982 }},{"commit":"e49ad415","subject":"Update Quick to v1.0.0","body":"","commiter": {"name":"Adam Sharp","email":"sharplet@users.noreply.github.com","date": 1480082244 }},{"commit":"913cf89a","subject":"change Georgia to system font","body":"","commiter": {"name":"Victor Augusteo","email":"augusteo@gmail.com","date": 1480032823 }},{"commit":"ab7ee549","subject":"Remove references to 'script/bootstrap' from playground documentation. https://github.com/ReactiveCocoa/ReactiveSwift/pull/76","body":"","commiter": {"name":"Anders","email":"anders@andersha.com","date": 1480032159 }},{"commit":"901a8ec4","subject":"Abolish the lock for the signature cache.","body":"","commiter": {"name":"Anders","email":"anders@andersha.com","date": 1480022124 }},{"commit":"a555d599","subject":"fixed tests","body":"","commiter": {"name":"Victor Augusteo","email":"augusteo@gmail.com","date": 1479962760 }},{"commit":"9bb73b37","subject":"fix type error","body":"","commiter": {"name":"Victor Augusteo","email":"augusteo@gmail.com","date": 1479939352 }},{"commit":"4dbe2481","subject":"Disable iOS and tvOS CI playground validation.","body":"","commiter": {"name":"Anders","email":"anders@andersha.com","date": 1479932817 }},{"commit":"c836a33b","subject":"add optional strings in UITextView","body":"","commiter": {"name":"Victor Augusteo","email":"augusteo@gmail.com","date": 1479878051 }},{"commit":"38a95b8d","subject":"fix indentation","body":"","commiter": {"name":"Victor Augusteo","email":"augusteo@gmail.com","date": 1479877981 }},{"commit":"d567d243","subject":"added attributedText signals","body":"","commiter": {"name":"Victor Augusteo","email":"augusteo@gmail.com","date": 1479877549 }},{"commit":"65d9b90d","subject":"textview optional text string binding","body":"","commiter": {"name":"Victor Augusteo","email":"augusteo@gmail.com","date": 1479868964 }},{"commit":"2c3a6f87","subject":"clean spacing, import Result.NoError","body":"","commiter": {"name":"Victor Augusteo","email":"augusteo@gmail.com","date": 1479861767 }},{"commit":"47c58107","subject":"Improved the documentation of the implementation.","body":"","commiter": {"name":"Anders","email":"anders@andersha.com","date": 1479859064 }},{"commit":"c1c253fe","subject":"Get the SDK root and pass it to the Swift compiler.","body":"","commiter": {"name":"GitHub","email":"noreply@github.com","date": 1479829797 }},{"commit":"649b272d","subject":"Corrected directory paths and parameters for playground validation.","body":"","commiter": {"name":"Anders","email":"anders@andersha.com","date": 1479789313 }},{"commit":"cdffc012","subject":"add tests","body":"","commiter": {"name":"Victor Augusteo","email":"augusteo@gmail.com","date": 1479785037 }},{"commit":"d24ce8a6","subject":"add attributed text to uitextfield","body":"","commiter": {"name":"Victor Augusteo","email":"augusteo@gmail.com","date": 1479784782 }},{"commit":"88adf144","subject":"add attributed text binding target","body":"","commiter": {"name":"Victor Augusteo","email":"augusteo@gmail.com","date": 1479784340 }},{"commit":"237225de","subject":"Enabled playground CI validation for iOS and tvOS.","body":"","commiter": {"name":"Anders","email":"anders@andersha.com","date": 1479758499 }},{"commit":"47117181","subject":"Added a playground for tvOS.","body":"","commiter": {"name":"Anders","email":"anders@andersha.com","date": 1479758479 }},{"commit":"3862b090","subject":"Add sandboxes.","body":"","commiter": {"name":"Anders","email":"anders@andersha.com","date": 1479667404 }},{"commit":"fcfe9910","subject":"Improved the documentation with minor refactoring.","body":"","commiter": {"name":"Anders","email":"anders@andersha.com","date": 1479621413 }},{"commit":"f9357044","subject":"Removed unnecessary code and variables.","body":"","commiter": {"name":"Anders","email":"anders@andersha.com","date": 1479617297 }},{"commit":"4681778e","subject":"Fixed a typo in a code snippet of the changelog.","body":"","commiter": {"name":"GitHub","email":"noreply@github.com","date": 1479609408 }},{"commit":"4686919b","subject":"Fixed a typo in a code snippet of the readme.","body":"","commiter": {"name":"GitHub","email":"noreply@github.com","date": 1479609342 }},{"commit":"7ce8d92d","subject":"Selector alias caching.","body":"","commiter": {"name":"Anders","email":"anders@andersha.com","date": 1479609141 }},{"commit":"48b0f5a5","subject":"Abolished the interop-implementation table.","body":"","commiter": {"name":"Anders","email":"anders@andersha.com","date": 1479605848 }},{"commit":"beeb1810","subject":"Explicit locking for impl. table and signature cache.","body":"","commiter": {"name":"Anders","email":"anders@andersha.com","date": 1479601711 }},{"commit":"4e5367d0","subject":"Fixed a thread safety issue in the method interception logic.","body":"","commiter": {"name":"Anders","email":"anders@andersha.com","date": 1479595715 }},{"commit":"a4bc5fc9","subject":"Updated the intercepting performance tests.","body":"","commiter": {"name":"Anders","email":"anders@andersha.com","date": 1479575340 }},{"commit":"e0cbaaaf","subject":"Abolished global atomic properties.","body":"","commiter": {"name":"Anders","email":"anders@andersha.com","date": 1479574123 }},{"commit":"922b3503","subject":"Updated the intercepting performance tests.","body":"","commiter": {"name":"Anders","email":"anders@andersha.com","date": 1479536852 }},{"commit":"c7cab326","subject":"Added two test cases to InterceptingSpec.","body":"","commiter": {"name":"Anders","email":"anders@andersha.com","date": 1479536130 }},{"commit":"49df899f","subject":"Documented and refactored `setupInterception`.","body":"","commiter": {"name":"Anders","email":"anders@andersha.com","date": 1479536130 }},{"commit":"b8f124f2","subject":"Avoid any swapping of implementations as much as possible.","body":"","commiter": {"name":"Anders","email":"anders@andersha.com","date": 1479528671 }},{"commit":"cb3b1d91","subject":"Method signature caching. Reduced dynamic casting overhead.","body":"","commiter": {"name":"Anders","email":"anders@andersha.com","date": 1479497989 }},{"commit":"0b88ed17","subject":"Reduced the message forwarding overhead related to runtime selectors.","body":"","commiter": {"name":"Anders","email":"anders@andersha.com","date": 1479489424 }},{"commit":"bcd84555","subject":"Fixed a couple of typos in the changelog.","body":"","commiter": {"name":"GitHub","email":"noreply@github.com","date": 1479457271 }},{"commit":"4b466f6e","subject":"Update changelog.","body":"","commiter": {"name":"GitHub","email":"noreply@github.com","date": 1479457207 }},{"commit":"a39a5980","subject":"Minor refactoring in `NSObject+Interception` and `ObjC+*`.","body":"","commiter": {"name":"Anders","email":"anders@andersha.com","date": 1479439550 }},{"commit":"dcb35461","subject":"Removed the ObjC runtime wrappers.","body":"","commiter": {"name":"Anders","email":"anders@andersha.com","date": 1479432894 }},{"commit":"02aafb9d","subject":"Documentation. Added back a missing `fileprivate` modifier.","body":"","commiter": {"name":"Anders","email":"anders@andersha.com","date": 1479430404 }},{"commit":"98eae5bf","subject":"Rewrote the ObjC object interception logic in Swift.","body":"","commiter": {"name":"Anders","email":"anders@andersha.com","date": 1479427924 }},{"commit":"76ca31d0","subject":"Migrated InterceptingSpec to use the runtime wrapper.","body":"","commiter": {"name":"Anders","email":"anders@andersha.com","date": 1479412730 }},{"commit":"54def52d","subject":"Runtime subclassing and ObjC runtime wrapper.","body":"","commiter": {"name":"Anders","email":"anders@andersha.com","date": 1479412730 }},{"commit":"c1380392","subject":"Moved the NSInvocation related protocols into a separate file.","body":"","commiter": {"name":"Anders","email":"anders@andersha.com","date": 1479396417 }},{"commit":"c074e74e","subject":"Association API.","body":"","commiter": {"name":"Anders","email":"anders@andersha.com","date": 1479388412 }},{"commit":"d6071594","subject":"Removed the `RACSwiftInvocationArguments` wrapper class.","body":"","commiter": {"name":"Anders","email":"anders@andersha.com","date": 1479361611 }},{"commit":"4c701ded","subject":"Fixed a `nil` expectation in InterceptingSpec.","body":"","commiter": {"name":"Anders","email":"anders@andersha.com","date": 1479361585 }},{"commit":"db25d569","subject":"Streamlined 3 test cases from KVO, Lifetime and Intercepting spec.","body":"","commiter": {"name":"Anders","email":"anders@andersha.com","date": 1479351650 }},{"commit":"a94ec1f3","subject":"Include prerelease tags in Carthage/Pods tutorial.","body":"","commiter": {"name":"GitHub","email":"noreply@github.com","date": 1479330390 }},{"commit":"1f3a1ecc","subject":"Rewrote an occasionally failing async KVO test case.","body":"","commiter": {"name":"Anders","email":"anders@andersha.com","date": 1479318808 }},{"commit":"87615792","subject":"Migrated test cases to use latest Dispatch APIs when appropriate.","body":"","commiter": {"name":"Anders","email":"anders@andersha.com","date": 1479318223 }},{"commit":"803b0a5e","subject":"Added a few bits about `BindingTarget` and `Lifetime`.","body":"","commiter": {"name":"GitHub","email":"noreply@github.com","date": 1479275644 }},{"commit":"4edaabed","subject":"Update changelog.","body":"","commiter": {"name":"GitHub","email":"noreply@github.com","date": 1479275067 }},{"commit":"82b595be","subject":"Update Travis CI config to use the Xcode 8.1 image.","body":"","commiter": {"name":"Anders","email":"anders@andersha.com","date": 1479269179 }},{"commit":"fe2f27c7","subject":"Ported a few object interception test cases from ReactiveObjC.","body":"","commiter": {"name":"Anders","email":"anders@andersha.com","date": 1479265747 }},{"commit":"94821edd","subject":"Separate iOS-specific UIKit files into its own directory / group","body":"","commiter": {"name":"Syo Ikeda","email":"suicaicoca@gmail.com","date": 1479184467 }},{"commit":"6742596b","subject":"Sort UIKit specs by name","body":"","commiter": {"name":"Eimantas Vaiciunas","email":"eimantas@walkingsmarts.com","date": 1479106918 }},{"commit":"413eecb0","subject":"Make more `UIStepper` properties reactive","body":"- add `minimumValue`;\n- add `maximumValue`;\n- create `values` signal;\n- update podspec file;\n","commiter": {"name":"Eimantas Vaiciunas","email":"eimantas@walkingsmarts.com","date": 1479105887 }},{"commit":"44dde9c7","subject":"Make `UIStepper` value reactive","body":"","commiter": {"name":"Eimantas Vaiciunas","email":"eimantas@walkingsmarts.com","date": 1479103752 }},{"commit":"4e4e2199","subject":"Assert `nil` before triggering the action","body":"","commiter": {"name":"Eimantas Vaiciunas","email":"eimantas@walkingsmarts.com","date": 1479053382 }},{"commit":"4f02661c","subject":"Fix tests for `values` signal","body":"","commiter": {"name":"Eimantas Vaiciunas","email":"eimantas@walkingsmarts.com","date": 1479048805 }},{"commit":"0a5d7969","subject":"Rename `continuousValues` to `values`","body":"","commiter": {"name":"Eimantas Vaiciunas","email":"eimantas@walkingsmarts.com","date": 1479048742 }},{"commit":"2fda531c","subject":"Made false note true","body":"","commiter": {"name":"Eimantas Vaiciunas","email":"eimantas@walkingsmarts.com","date": 1479043951 }},{"commit":"a0c25c1a","subject":"Add signal for `continuousValues`","body":"","commiter": {"name":"Eimantas Vaiciunas","email":"eimantas@walkingsmarts.com","date": 1479018047 }},{"commit":"39043dd5","subject":"Added a link in the readme to the changelog.","body":"","commiter": {"name":"GitHub","email":"noreply@github.com","date": 1479005335 }},{"commit":"7ce99a2b","subject":"Fixed a typo.","body":"","commiter": {"name":"GitHub","email":"noreply@github.com","date": 1478991588 }},{"commit":"348863cc","subject":"Exclude UIStepper from tvOS builds","body":"","commiter": {"name":"Eimantas Vaiciunas","email":"eimantas@walkingsmarts.com","date": 1478975352 }},{"commit":"aeb4f157","subject":"Sort spec files by name","body":"","commiter": {"name":"Eimantas Vaiciunas","email":"eimantas@walkingsmarts.com","date": 1478974027 }},{"commit":"a16323db","subject":"Make `UISlider` great again","body":"- Make `value` reactive;\n- Make `minimumValue` reactive;\n- Make `maximumValue` reactive;\n","commiter": {"name":"Eimantas Vaiciunas","email":"eimantas@walkingsmarts.com","date": 1478970858 }},{"commit":"1839fff2","subject":"Use the Xcode 8.1 sneak peek image for CI test.","body":"","commiter": {"name":"Anders","email":"anders@andersha.com","date": 1478899451 }},{"commit":"e16b1e71","subject":"Split the giant table.","body":"","commiter": {"name":"GitHub","email":"noreply@github.com","date": 1478899255 }},{"commit":"338c08fc","subject":"Update changelog.","body":"","commiter": {"name":"GitHub","email":"noreply@github.com","date": 1478898381 }},{"commit":"d0485950","subject":"Updated the ReactiveObjC API migration table.","body":"","commiter": {"name":"GitHub","email":"noreply@github.com","date": 1478846129 }},{"commit":"c030f624","subject":"Revert 'Trigger signal for optional, unbacked protocol requirements.'","body":"This reverts commit c19280bbcc310987397f77e331eb98fc8187e16e.\n","commiter": {"name":"Anders","email":"anders@andersha.com","date": 1478845621 }},{"commit":"db9279a4","subject":"Remove redundant availability API calls.","body":"","commiter": {"name":"GitHub","email":"noreply@github.com","date": 1478800526 }},{"commit":"1f216fd8","subject":"Add a few `MKMapView` properties to reactive extension","body":"- `isZoomEnabled`\n- `isScrollEnabled`\n- `isPitchEnabled` -- **not** on `tvOS`\n- `isRotateAvailable` -- **not** on `tvOS`\n","commiter": {"name":"Eimantas Vaiciunas","email":"eimantas@walkingsmarts.com","date": 1478795478 }},{"commit":"35bd5ab3","subject":"Added a table of RAC5 counterparts to commonly used ObjC APIs.","body":"","commiter": {"name":"GitHub","email":"noreply@github.com","date": 1478790728 }},{"commit":"8640afb8","subject":"Make MKMapView's type reactive","body":"Make the extension on tvOS available only from version 9.2.\n","commiter": {"name":"Eimantas Vaiciunas","email":"eimantas@walkingsmarts.com","date": 1478790067 }},{"commit":"0903b24a","subject":"Replace h2 with h3 for layout consistency.","body":"","commiter": {"name":"GitHub","email":"noreply@github.com","date": 1478789512 }},{"commit":"5ba14967","subject":"Adjust based on feedback","body":"","commiter": {"name":"Matt Diephouse","email":"matt@diephouse.com","date": 1478695645 }},{"commit":"ce979075","subject":"Bridge C string as `NSValue`.","body":"","commiter": {"name":"Anders","email":"anders@andersha.com","date": 1478541019 }},{"commit":"9d816f51","subject":"Refactored the internal ObjC interception setup API.","body":"","commiter": {"name":"Anders","email":"anders@andersha.com","date": 1478530760 }},{"commit":"06483b76","subject":"Bridge scalar and struct arguments as `NSValue` and `NSNumber`.","body":"","commiter": {"name":"Anders","email":"anders@andersha.com","date": 1478528877 }},{"commit":"0e89e6a5","subject":"Implement the argument bridging logic.","body":"","commiter": {"name":"Anders","email":"anders@andersha.com","date": 1478479624 }},{"commit":"c514f764","subject":"Added an private enum for ObjC type encoding.","body":"","commiter": {"name":"Anders","email":"anders@andersha.com","date": 1478475631 }},{"commit":"bb180b95","subject":"Added an internal NSInvocation and NSMethodSignature wrapper.","body":"","commiter": {"name":"Anders","email":"anders@andersha.com","date": 1478475599 }},{"commit":"b344d84b","subject":"`response(to:)` now handles selectors added at runtime correctly.","body":"","commiter": {"name":"Anders","email":"anders@andersha.com","date": 1478473603 }},{"commit":"c19280bb","subject":"Trigger signal for optional, unbacked protocol requirements.","body":"","commiter": {"name":"Anders","email":"anders@andersha.com","date": 1478472838 }},{"commit":"986ee0f7","subject":"Add NSCollectionView.reactive.reloadData binding target","body":"","commiter": {"name":"Adam Sharp","email":"adsharp@me.com","date": 1478465784 }},{"commit":"2871ed4b","subject":"Add NSTableView.reactive.reloadData binding target","body":"","commiter": {"name":"Adam Sharp","email":"adsharp@me.com","date": 1478465729 }},{"commit":"37386e20","subject":"Fix up path of AppKit group in ReactiveCocoaTests","body":"","commiter": {"name":"Adam Sharp","email":"adsharp@me.com","date": 1478465614 }},{"commit":"39e1c89e","subject":"Add UICollectionView.reactive.reloadData binding target","body":"","commiter": {"name":"Adam Sharp","email":"adsharp@me.com","date": 1478465612 }},{"commit":"a8e73535","subject":"Add UITableView.reactive.reloadData binding target","body":"","commiter": {"name":"Adam Sharp","email":"adsharp@me.com","date": 1478465459 }},{"commit":"b5a69cbe","subject":"Add a note about Atomic","body":"","commiter": {"name":"Matt Diephouse","email":"matt@diephouse.com","date": 1478450297 }},{"commit":"240a34b6","subject":"Add a note about properties","body":"","commiter": {"name":"Matt Diephouse","email":"matt@diephouse.com","date": 1478450099 }},{"commit":"138a3695","subject":"Write about Signal lifetime semantics","body":"","commiter": {"name":"Matt Diephouse","email":"matt@diephouse.com","date": 1478449894 }},{"commit":"7c06126f","subject":"Updated Nimble to 5.1.1.","body":"","commiter": {"name":"Anders","email":"anders@andersha.com","date": 1478307191 }},{"commit":"db242111","subject":"Add `Shared` files everywhere","body":"Exclude for watchos.\n","commiter": {"name":"Eimantas Vaiciunas","email":"eimantas@walkingsmarts.com","date": 1478267155 }},{"commit":"64043322","subject":"Update podspec for tvos and watchos platforms","body":"","commiter": {"name":"Eimantas Vaiciunas","email":"eimantas@walkingsmarts.com","date": 1478266883 }},{"commit":"0e002772","subject":"Update podspec file","body":"","commiter": {"name":"Eimantas Vaiciunas","email":"eimantas@walkingsmarts.com","date": 1478266173 }},{"commit":"80e6d013","subject":"[UIViewSpec] Consistently use `==` operator over `to(equal(...))`","body":"","commiter": {"name":"Syo Ikeda","email":"suicaicoca@gmail.com","date": 1478264554 }},{"commit":"1c8974e0","subject":"Use trailing closure syntax","body":"","commiter": {"name":"Eimantas Vaiciunas","email":"eimantas@walkingsmarts.com","date": 1478239194 }},{"commit":"6d6c8386","subject":"Move contents into the CHANGELOG","body":"","commiter": {"name":"Matt Diephouse","email":"matt@diephouse.com","date": 1478226104 }},{"commit":"cbd88a2b","subject":"Change equality check to `≈`","body":"","commiter": {"name":"Eimantas Vaiciunas","email":"eimantas@walkingsmarts.com","date": 1478194462 }},{"commit":"eebe70c1","subject":"Use `==` for equality checks in `UIBarItem` specs","body":"","commiter": {"name":"Eimantas Vaiciunas","email":"eimantas@walkingsmarts.com","date": 1478186126 }},{"commit":"79c05a4c","subject":"Add reactive `image` and `title` to `UIBarItem`","body":"","commiter": {"name":"Eimantas Vaiciunas","email":"eimantas@walkingsmarts.com","date": 1478181046 }},{"commit":"857ee63f","subject":"Document the reactive `constant`","body":"","commiter": {"name":"Eimantas Vaiciunas","email":"eimantas@walkingsmarts.com","date": 1478178430 }},{"commit":"61ac5f7c","subject":"Add reactive `constant` to `NSLayoutConstraint`","body":"","commiter": {"name":"Eimantas Vaiciunas","email":"eimantas@walkingsmarts.com","date": 1478178430 }},{"commit":"872823c1","subject":"Removed generic CocoaTarget type when it's void","body":"","commiter": {"name":"David Collado","email":"bitomule@gmail.com","date": 1478161234 }},{"commit":"a0043841","subject":"Style issues fixed","body":"","commiter": {"name":"David Collado","email":"bitomule@gmail.com","date": 1478161028 }},{"commit":"3b64c550","subject":"Make reactive `backgroundColor` for `UIView`","body":"","commiter": {"name":"Eimantas Vaiciunas","email":"eimantas@walkingsmarts.com","date": 1478105884 }},{"commit":"f9b675de","subject":"Refactor NSTextField and UITextView extensions","body":"","commiter": {"name":"Syo Ikeda","email":"suicaicoca@gmail.com","date": 1478063880 }},{"commit":"56b518d2","subject":"Fix indent","body":"","commiter": {"name":"Syo Ikeda","email":"suicaicoca@gmail.com","date": 1478062564 }},{"commit":"592f0ddf","subject":"DynamicProperty.init should not accept nil value for `object`","body":"That does not make sense.\n","commiter": {"name":"Syo Ikeda","email":"suicaicoca@gmail.com","date": 1478062347 }},{"commit":"a01e7d26","subject":"Adjusted the wording in the readme.","body":"","commiter": {"name":"GitHub","email":"noreply@github.com","date": 1478014568 }},{"commit":"d217e24e","subject":"Fixed a few typos in the readme.","body":"","commiter": {"name":"GitHub","email":"noreply@github.com","date": 1478014109 }},{"commit":"cf4a20af","subject":"Changed the method prefix and class suffix used for swizzling.","body":"","commiter": {"name":"Anders","email":"anders@andersha.com","date": 1477932059 }},{"commit":"97af74d3","subject":"Fixed a typo in the readme.","body":"","commiter": {"name":"GitHub","email":"noreply@github.com","date": 1477931848 }},{"commit":"ac27f347","subject":"Formatting & access modifiers. Included the spec in tvOS test.","body":"","commiter": {"name":"Anders","email":"anders@andersha.com","date": 1477931532 }},{"commit":"f6fd187a","subject":"Andersio suggestions","body":"","commiter": {"name":"David Collado","email":"bitomule@gmail.com","date": 1477921170 }},{"commit":"94342977","subject":"Add cross reference notes to UIKit text observation methods","body":"","commiter": {"name":"NachoSoto","email":"NachoSoto@users.noreply.github.com","date": 1477758107 }},{"commit":"cea167e2","subject":"Changed protocol to internal","body":"","commiter": {"name":"David Collado Sela","email":"bitomule@gmail.com","date": 1477640718 }},{"commit":"da866d7c","subject":"Added space","body":"","commiter": {"name":"David Collado Sela","email":"bitomule@gmail.com","date": 1477640697 }},{"commit":"6ff71e8b","subject":"Removed empty lines","body":"","commiter": {"name":"David Collado Sela","email":"bitomule@gmail.com","date": 1477640669 }},{"commit":"5031cb2e","subject":"Added UIGestureRecognizer tests","body":"Added two additional tests for events and gesture recognizer passed in\nsignal\n","commiter": {"name":"David Collado Sela","email":"bitomule@gmail.com","date": 1477583512 }},{"commit":"0c6e94ea","subject":"Removed extra space","body":"","commiter": {"name":"David Collado Sela","email":"bitomule@gmail.com","date": 1477582846 }},{"commit":"73287a07","subject":"Made test class private","body":"","commiter": {"name":"David Collado Sela","email":"bitomule@gmail.com","date": 1477582796 }},{"commit":"332cfca6","subject":"Changed gesture signal name to stateChanged","body":"","commiter": {"name":"David Collado Sela","email":"bitomule@gmail.com","date": 1477582755 }},{"commit":"7e3d4131","subject":"New CocoaTargetProtocol","body":"Added CocoaTargetProtocol allowing a Generic CocoaTarget\nimplementation. Valid when Observer value is Void and when it has\nanother value.\n","commiter": {"name":"David Collado Sela","email":"bitomule@gmail.com","date": 1477582551 }},{"commit":"37135c2e","subject":"Remove unused private variable in DynamicProperty","body":"","commiter": {"name":"Adam Sharp","email":"adsharp@me.com","date": 1477575613 }},{"commit":"1961d6fe","subject":"ReactiveCocoa 5.0.0-alpha.3.","body":"","commiter": {"name":"Anders","email":"anders@andersha.com","date": 1477482499 }},{"commit":"a09b14f7","subject":"Fixed the typos in the new test cases for deadlocking.","body":"","commiter": {"name":"Anders","email":"anders@andersha.com","date": 1477480873 }},{"commit":"7c1c5d03","subject":"Marked `NSObject.synchronized` as final and non-ObjC. Renamed the containing file.","body":"","commiter": {"name":"Anders","email":"anders@andersha.com","date": 1477480781 }},{"commit":"30577883","subject":"Appended the `d` at the end of `NSObject.synchronized`.","body":"","commiter": {"name":"Anders","email":"anders@andersha.com","date": 1477436394 }},{"commit":"acf6b705","subject":"Introduced a constrained, internal wrapper of `objc_sync_*`.","body":"","commiter": {"name":"Anders","email":"anders@andersha.com","date": 1477429783 }},{"commit":"320c6daf","subject":"Added test cases for deadlocking in InterceptingSpec and LifetimeSpec.","body":"","commiter": {"name":"Anders","email":"anders@andersha.com","date": 1477429370 }},{"commit":"5a91a190","subject":"Fixed a bug which caused a deadlock in `trigger(for:)`.","body":"","commiter": {"name":"Anders","email":"anders@andersha.com","date": 1477427606 }},{"commit":"6bd7dd86","subject":"Fixed up some language, added a tiny bit more","body":"","commiter": {"name":"Christopher Liscio","email":"chris@supermegaultragroovy.com","date": 1477416097 }},{"commit":"47cb9665","subject":"Replace &raquo; with ⚠️.","body":"","commiter": {"name":"GitHub","email":"noreply@github.com","date": 1477328136 }},{"commit":"2771306e","subject":"Reorganized the links. Promoted all h3 to h2.","body":"","commiter": {"name":"GitHub","email":"noreply@github.com","date": 1477327828 }},{"commit":"116655f3","subject":"A tiny bit of rewording in the readme.","body":"","commiter": {"name":"GitHub","email":"noreply@github.com","date": 1477326521 }},{"commit":"5f1693c0","subject":"Improved the writing (again).","body":"","commiter": {"name":"GitHub","email":"noreply@github.com","date": 1477326257 }},{"commit":"f342a53a","subject":"Improved the writing.","body":"","commiter": {"name":"GitHub","email":"noreply@github.com","date": 1477193106 }},{"commit":"cdc1b7db","subject":"Fixed another typo in a code snippet.","body":"","commiter": {"name":"GitHub","email":"noreply@github.com","date": 1477168257 }},{"commit":"35cba381","subject":"Fixed a typo.","body":"","commiter": {"name":"GitHub","email":"noreply@github.com","date": 1477167987 }},{"commit":"34800825","subject":"Rewrote the readme for ReactiveCocoa 5.0.","body":"","commiter": {"name":"Anders","email":"anders@andersha.com","date": 1477166665 }},{"commit":"438bfb2c","subject":"Added a CocoaPods badge to README.md.","body":"","commiter": {"name":"Anders","email":"anders@andersha.com","date": 1477154701 }},{"commit":"b0bf2987","subject":"Update podspec.","body":"","commiter": {"name":"Anders","email":"anders@andersha.com","date": 1477154387 }},{"commit":"43431a20","subject":"Fixed the ReusableComponentsSpecs.","body":"","commiter": {"name":"NachoSoto","email":"NachoSoto@users.noreply.github.com","date": 1477152176 }},{"commit":"a3c3dc21","subject":"Adjusted the `prepareForReuse` extensions to account for platform API differences.","body":"","commiter": {"name":"NachoSoto","email":"NachoSoto@users.noreply.github.com","date": 1477152176 }},{"commit":"c594080c","subject":"Removed the false workaround. Updated the project settings.","body":"","commiter": {"name":"NachoSoto","email":"NachoSoto@users.noreply.github.com","date": 1477152176 }},{"commit":"7fdbe196","subject":"Reintroduced `reactive.prepareForReuse` for reusable components.","body":"","commiter": {"name":"NachoSoto","email":"NachoSoto@users.noreply.github.com","date": 1477152176 }},{"commit":"550132fa","subject":"Update podspec","body":"","commiter": {"name":"Syo Ikeda","email":"suicaicoca@gmail.com","date": 1477098199 }},{"commit":"f11efbef","subject":"Added UIGestureRecognizer test","body":"Added unit test for UIGestureRecognizer recognized reactive signal\n","commiter": {"name":"David Collado Sela","email":"bitomule@gmail.com","date": 1477038840 }},{"commit":"1677895d","subject":"Add some extra control bindings","body":"","commiter": {"name":"Christopher Liscio","email":"chris@supermegaultragroovy.com","date": 1476995689 }},{"commit":"88b9e846","subject":"Changed name to recognised and moved to computed property","body":"","commiter": {"name":"David Collado Sela","email":"bitomule@gmail.com","date": 1476987370 }},{"commit":"bcfbf298","subject":"Trigger method for UIGestureRecognizers","body":"Based on UIControl triggers I’ve added the old rac_gestureSignal as a\ntrigger.\n","commiter": {"name":"David Collado Sela","email":"bitomule@gmail.com","date": 1476975033 }},{"commit":"38afa631","subject":"Add official podspec","body":"","commiter": {"name":"Syo Ikeda","email":"suicaicoca@gmail.com","date": 1476967838 }},{"commit":"bdf59d77","subject":"Use custom module map for the framework. Removed the Utils submodule.","body":"","commiter": {"name":"Anders","email":"anders@andersha.com","date": 1476907653 }},{"commit":"01230f4e","subject":"Reenabled dealloc checks in UITextField/UITextView specs.","body":"","commiter": {"name":"Anders","email":"anders@andersha.com","date": 1476905806 }},{"commit":"5e7534c9","subject":"Disabled the dealloc check for leaking UIKit components.","body":"","commiter": {"name":"Anders","email":"anders@andersha.com","date": 1476890828 }},{"commit":"ae10a1ee","subject":"Update ReactiveSwift to 1.0.0-alpha.3","body":"","commiter": {"name":"Syo Ikeda","email":"suicaicoca@gmail.com","date": 1476858328 }},{"commit":"1c3a3a0d","subject":"ReactiveSwift 1.0.0-alpha.3","body":"","commiter": {"name":"Anders","email":"anders@andersha.com","date": 1476831513 }},{"commit":"c7673830","subject":"Added `InterceptingSpec`.","body":"","commiter": {"name":"Anders","email":"anders@andersha.com","date": 1476831338 }},{"commit":"59b55aa9","subject":"Refactored `KeyValueObservingSpec`.","body":"","commiter": {"name":"Anders","email":"anders@andersha.com","date": 1476816174 }},{"commit":"99bb5683","subject":"DynamicProperty: don't expose signal setter","body":"","commiter": {"name":"NachoSoto","email":"NachoSoto@users.noreply.github.com","date": 1476813275 }},{"commit":"210ff3d2","subject":"Fixed the failing `NSControlSpec` test cases.","body":"","commiter": {"name":"Anders","email":"anders@andersha.com","date": 1476809981 }},{"commit":"903be1eb","subject":"Test if controls are released properly in `NSControlSpec`.","body":"","commiter": {"name":"Anders","email":"anders@andersha.com","date": 1476805285 }},{"commit":"d8b2b1e0","subject":"Converted UIKit extension tests into Quick specs.","body":"","commiter": {"name":"Anders","email":"anders@andersha.com","date": 1476803033 }},{"commit":"5b416fcf","subject":"Precondition on invocation swizzling setup.","body":"","commiter": {"name":"Anders","email":"anders@andersha.com","date": 1476742992 }},{"commit":"d8149088","subject":"Corrected the type coercions in NSObject reactive extensions.","body":"","commiter": {"name":"Anders","email":"anders@andersha.com","date": 1476742888 }},{"commit":"808377c5","subject":"Use optional chaining in `UIControl.reactive.setAction(_:for:)`.","body":"","commiter": {"name":"Anders","email":"anders@andersha.com","date": 1476742666 }},{"commit":"bc3fe39d","subject":"Query selectors from instances instead of the expected type.","body":"","commiter": {"name":"Anders","email":"anders@andersha.com","date": 1476742626 }},{"commit":"8392e0df","subject":"Mark `CocoaTarget` as final.","body":"","commiter": {"name":"Anders","email":"anders@andersha.com","date": 1476742472 }},{"commit":"27d716a4","subject":"Revert 'Reintroduced `reactive.prepareForReuse` for reusable components.'","body":"This reverts commit e48c43694c212939997f9c382c1886cd99d846e6.\n","commiter": {"name":"Anders","email":"anders@andersha.com","date": 1476741735 }},{"commit":"e48c4369","subject":"Reintroduced `reactive.prepareForReuse` for reusable components.","body":"","commiter": {"name":"Anders","email":"anders@andersha.com","date": 1476646360 }},{"commit":"24cd6230","subject":"Added `NSTextField.reactive.continuousAttributedStringValues`.","body":"","commiter": {"name":"Anders","email":"anders@andersha.com","date": 1476492669 }},{"commit":"0558476f","subject":"Underscored the internal API.","body":"","commiter": {"name":"Anders","email":"hello@andersio.co","date": 1476120606 }},{"commit":"698d023a","subject":"Renamed `CocoaTrigger` to `CocoaTarget`.","body":"","commiter": {"name":"Anders","email":"hello@andersio.co","date": 1476118977 }},{"commit":"180a1fde","subject":"Fix missing space","body":"","commiter": {"name":"Markus Chmelar","email":"mexx@innovaptor.com","date": 1476033523 }},{"commit":"0bcd4b63","subject":"Use private modulemap.","body":"","commiter": {"name":"Anders","email":"hello@andersio.co","date": 1476017665 }},{"commit":"7395e163","subject":"Tweaked the implementation of `NSObject.reactive.trigger(for:)`.","body":"","commiter": {"name":"Anders","email":"hello@andersio.co","date": 1476017132 }},{"commit":"b75b3d6c","subject":"Fixed a typo in the doc of `UIProgressView.reactive`.","body":"","commiter": {"name":"Anders","email":"hello@andersio.co","date": 1476014552 }},{"commit":"7caec8bd","subject":"Shared `CocoaTrigger` for all uses of the target-action pattern.","body":"","commiter": {"name":"Anders","email":"hello@andersio.co","date": 1476014483 }},{"commit":"39329d8c","subject":"Create one `UIScheduler` for each instance of binding target.","body":"","commiter": {"name":"Anders","email":"hello@andersio.co","date": 1476013933 }},{"commit":"a30b54d9","subject":"Removed an unused global variable.","body":"","commiter": {"name":"Anders","email":"hello@andersio.co","date": 1476013933 }},{"commit":"b7a398f8","subject":"Remove ObjectiveCBridging documentation because now lives in the ReactiveObjCBridging project","body":"","commiter": {"name":"Markus Chmelar","email":"mexx@innovaptor.com","date": 1476011546 }},{"commit":"d0b953d8","subject":"Update README with regards to Swift, ObjC and bridging between those","body":"","commiter": {"name":"Markus Chmelar","email":"mexx@innovaptor.com","date": 1476011511 }},{"commit":"9bcec140","subject":"Update ReactiveSwift to 1.0.0-alpha.2","body":"","commiter": {"name":"Syo Ikeda","email":"suicaicoca@gmail.com","date": 1475908823 }},{"commit":"bf87ed35","subject":"Updated dependency: ReactiveSwift 1.0.0-alpha.2","body":"","commiter": {"name":"Anders","email":"hello@andersio.co","date": 1475875224 }},{"commit":"c4c66707","subject":"Tweaked the capture lists and formatting of some closures.","body":"","commiter": {"name":"Anders","email":"hello@andersio.co","date": 1475872259 }},{"commit":"d3b62b30","subject":"Updated the documentation of `CocoaAction` and tweaked its implementation.","body":"","commiter": {"name":"Anders","email":"hello@andersio.co","date": 1475859438 }},{"commit":"4d710585","subject":"Removed all file headers.","body":"","commiter": {"name":"Anders","email":"hello@andersio.co","date": 1475857169 }},{"commit":"3bdad2f5","subject":"Updated the API documentation.","body":"","commiter": {"name":"Anders","email":"hello@andersio.co","date": 1475857169 }},{"commit":"76efe5a3","subject":"Added `Reactive<UIButton>.title(for:)`.","body":"","commiter": {"name":"Anders","email":"hello@andersio.co","date": 1475857169 }}]