[{"commit":"6e1324ec","subject":"Use Discord instead of Slack in CLI help","body":"","commiter": {"name":"GitHub","email":"noreply@github.com","date": 1528579593 }},{"commit":"1a8c4803","subject":"Updating NIOServer","body":"","commiter": {"name":"GitHub","email":"noreply@github.com","date": 1527891749 }},{"commit":"f548c431","subject":"Updating Application.swift","body":"","commiter": {"name":"GitHub","email":"noreply@github.com","date": 1527891704 }},{"commit":"bda540ac","subject":"Removed extra 'p' from helper word and added italic to encode word as the decode one.","body":"","commiter": {"name":"Francisco Rivas","email":"franciscojrivash@gmail.com","date": 1527411548 }},{"commit":"be047fd2","subject":"Fix issue where query strings are percent-encoded twice.","body":"","commiter": {"name":"David Brunow","email":"helloDavid@brunow.org","date": 1526956544 }},{"commit":"630c6bd2","subject":"Create test to show issue in percent encoding query strings","body":"","commiter": {"name":"David Brunow","email":"helloDavid@brunow.org","date": 1526956527 }},{"commit":"5b6a63dc","subject":"fix maxBodySize typo","body":"","commiter": {"name":"GitHub","email":"noreply@github.com","date": 1526932187 }},{"commit":"bdd1c2dd","subject":"Switched the community links being referred to as 'Slack' instead of 'Discord'.","body":"","commiter": {"name":"Jordane Belanger","email":"tehjord@gmail.com","date": 1526592710 }},{"commit":"645f067f","subject":"another `on` is public","body":"","commiter": {"name":"Ondrej Rafaj","email":"ondrej.rafaj@gmail.com","date": 1526493859 }},{"commit":"2de3b8d1","subject":"Make `on()` public","body":"My custom router methods like the one below stopped working! I think this is pretty useful to be private :)\n\n```swift\n    @discardableResult public func options<T>(_ path: PathComponentsRepresentable..., use closure: @escaping (Request) throws -> T) -> Route<Responder> where T: ResponseEncodable {\n        return self.on(.OPTIONS, at: path, use: closure)\n    }\n```\n","commiter": {"name":"Ondrej Rafaj","email":"ondrej.rafaj@gmail.com","date": 1526454614 }},{"commit":"8c07c5b8","subject":"trigger ci","body":"","commiter": {"name":"tanner0101","email":"me@tanner.xyz","date": 1526081990 }},{"commit":"6c1edb9d","subject":"Hopefully fixed tests to reflect changes in vapor/core#144","body":"","commiter": {"name":"Milan Vit","email":"milanvit@milanvit.net","date": 1525832975 }},{"commit":"8c73eebf","subject":"small test cleanup","body":"","commiter": {"name":"tanner0101","email":"me@tanner.xyz","date": 1525824140 }},{"commit":"6cfd4a98","subject":"clean up typed data response, related to #1657","body":"","commiter": {"name":"tanner0101","email":"me@tanner.xyz","date": 1525823921 }},{"commit":"a025ea98","subject":"start shared thread pool","body":"","commiter": {"name":"tanner0101","email":"me@tanner.xyz","date": 1525823016 }},{"commit":"26e2e0ac","subject":"add session destroy test, addresses #1661","body":"","commiter": {"name":"tanner0101","email":"me@tanner.xyz","date": 1525822275 }},{"commit":"59cd3317","subject":"add a non-variadic 'on' method to router, fixes #1658","body":"","commiter": {"name":"tanner0101","email":"me@tanner.xyz","date": 1525821141 }},{"commit":"b55b9daa","subject":"make blockingio thread pool a singleton","body":"","commiter": {"name":"tanner0101","email":"me@tanner.xyz","date": 1525820858 }},{"commit":"9a9413c2","subject":"Fix @tanner0101's suggestions","body":"","commiter": {"name":"Ayden Panhuyzen","email":"aydenp@users.noreply.github.com","date": 1525819927 }},{"commit":"10dd1d87","subject":"middleware order","body":"","commiter": {"name":"tanner0101","email":"me@tanner.xyz","date": 1525752837 }},{"commit":"6f1ba244","subject":"Fix typo","body":"Looks like there should be `e` instead of `error`","commiter": {"name":"GitHub","email":"noreply@github.com","date": 1525630309 }},{"commit":"127af060","subject":"Add data responses and TypedDataResponse","body":"","commiter": {"name":"Ayden Panhuyzen","email":"aydenp@users.noreply.github.com","date": 1525534244 }},{"commit":"7204957d","subject":"move to discord chat badge","body":"","commiter": {"name":"GitHub","email":"noreply@github.com","date": 1525497350 }},{"commit":"56c9ff74","subject":"remove extraneous print","body":"","commiter": {"name":"GitHub","email":"noreply@github.com","date": 1525495637 }},{"commit":"1bbfe1a9","subject":"do not error on invalid cookie","body":"","commiter": {"name":"tanner0101","email":"me@tanner.xyz","date": 1525495450 }},{"commit":"f371fac6","subject":"update package swift","body":"","commiter": {"name":"tanner0101","email":"me@tanner.xyz","date": 1525464524 }},{"commit":"63354449","subject":"add support for --bind -b","body":"","commiter": {"name":"tanner0101","email":"me@tanner.xyz","date": 1525459929 }},{"commit":"fc8d5fcc","subject":"bind","body":"","commiter": {"name":"tanner0101","email":"me@tanner.xyz","date": 1525392274 }},{"commit":"794111d7","subject":"hostname","body":"","commiter": {"name":"tanner0101","email":"me@tanner.xyz","date": 1525391870 }},{"commit":"04291750","subject":"make link https","body":"","commiter": {"name":"tanner0101","email":"me@tanner.xyz","date": 1525321392 }},{"commit":"1777b37a","subject":"small docs updates","body":"","commiter": {"name":"tanner0101","email":"me@tanner.xyz","date": 1525319731 }},{"commit":"9020a059","subject":"additional deprecations + engine -> nio rename","body":"","commiter": {"name":"tanner0101","email":"me@tanner.xyz","date": 1525318351 }},{"commit":"d7d714ed","subject":"add string response encodable","body":"","commiter": {"name":"tanner0101","email":"me@tanner.xyz","date": 1525310764 }},{"commit":"c5ad20a7","subject":"fix utf8 -> utf-8","body":"","commiter": {"name":"tanner0101","email":"me@tanner.xyz","date": 1525293660 }},{"commit":"d54bc3c7","subject":"small perf tweaks","body":"","commiter": {"name":"tanner0101","email":"me@tanner.xyz","date": 1525289205 }},{"commit":"ce9b23a7","subject":"error middleware perf","body":"","commiter": {"name":"tanner0101","email":"me@tanner.xyz","date": 1525287182 }},{"commit":"8b87ed30","subject":"router perf","body":"","commiter": {"name":"tanner0101","email":"me@tanner.xyz","date": 1525286214 }},{"commit":"990855fe","subject":"add HEAD request support","body":"","commiter": {"name":"tanner0101","email":"me@tanner.xyz","date": 1525220809 }},{"commit":"42e823a7","subject":"remove trailing whitespaces, fixes #1653","body":"","commiter": {"name":"tanner0101","email":"me@tanner.xyz","date": 1525218331 }},{"commit":"92aa6cdd","subject":"add ResponseEncodable.encode(status:headers:...), fixes #1654","body":"","commiter": {"name":"tanner0101","email":"me@tanner.xyz","date": 1525218266 }},{"commit":"0b1ccc99","subject":"add vapor provider test","body":"","commiter": {"name":"tanner0101","email":"me@tanner.xyz","date": 1525207821 }},{"commit":"6e26c469","subject":"application tests cleanup","body":"","commiter": {"name":"tanner0101","email":"me@tanner.xyz","date": 1525207157 }},{"commit":"c775893b","subject":"remove old tests","body":"","commiter": {"name":"tanner0101","email":"me@tanner.xyz","date": 1525207008 }},{"commit":"ea606f96","subject":"utilities cleanup","body":"","commiter": {"name":"tanner0101","email":"me@tanner.xyz","date": 1525206920 }},{"commit":"2995d40f","subject":"sessions cleanup","body":"","commiter": {"name":"tanner0101","email":"me@tanner.xyz","date": 1525206025 }},{"commit":"b5059db1","subject":"start sessions cleanup","body":"","commiter": {"name":"tanner0101","email":"me@tanner.xyz","date": 1525136432 }},{"commit":"cc0b1e45","subject":"boilerplate cleanup","body":"","commiter": {"name":"tanner0101","email":"me@tanner.xyz","date": 1525135120 }},{"commit":"52321994","subject":"boilerplate cleanup","body":"","commiter": {"name":"tanner0101","email":"me@tanner.xyz","date": 1525135101 }},{"commit":"f7847c98","subject":"remove bcrypt hasher","body":"","commiter": {"name":"tanner0101","email":"me@tanner.xyz","date": 1525134366 }},{"commit":"c83a8f48","subject":"service cleanup","body":"","commiter": {"name":"tanner0101","email":"me@tanner.xyz","date": 1525134320 }},{"commit":"d26a82d2","subject":"engine server thread variable cleanup","body":"","commiter": {"name":"tanner0101","email":"me@tanner.xyz","date": 1525133338 }},{"commit":"89a78a25","subject":"router + path cleanup","body":"","commiter": {"name":"tanner0101","email":"me@tanner.xyz","date": 1525125587 }},{"commit":"a7eea31b","subject":"updates","body":"","commiter": {"name":"tanner0101","email":"me@tanner.xyz","date": 1525124316 }},{"commit":"6ed49510","subject":"router cleanup","body":"","commiter": {"name":"tanner0101","email":"me@tanner.xyz","date": 1525123233 }},{"commit":"1c26f240","subject":"routing docs","body":"","commiter": {"name":"tanner0101","email":"me@tanner.xyz","date": 1525122330 }},{"commit":"d0236e91","subject":"request, response, middleware updates","body":"","commiter": {"name":"tanner0101","email":"me@tanner.xyz","date": 1525121015 }},{"commit":"3d25a7b6","subject":"updates","body":"","commiter": {"name":"tanner0101","email":"me@tanner.xyz","date": 1525113005 }},{"commit":"02f4f817","subject":"middleware config cleanup","body":"","commiter": {"name":"tanner0101","email":"me@tanner.xyz","date": 1524800111 }},{"commit":"94e6c329","subject":"middleware cleanup","body":"","commiter": {"name":"tanner0101","email":"me@tanner.xyz","date": 1524799246 }},{"commit":"ef95d347","subject":"file middleware cleanup","body":"","commiter": {"name":"tanner0101","email":"me@tanner.xyz","date": 1524798696 }},{"commit":"366af6c1","subject":"ErrorMiddleware refactor","body":"","commiter": {"name":"tanner0101","email":"me@tanner.xyz","date": 1524798207 }},{"commit":"9c2867c2","subject":"service updates","body":"","commiter": {"name":"tanner0101","email":"me@tanner.xyz","date": 1524794549 }},{"commit":"9986ab24","subject":"add Abort.redirect(to:); add AbortError.headers; fixes #1397","body":"","commiter": {"name":"tanner0101","email":"me@tanner.xyz","date": 1524793602 }},{"commit":"a04c4141","subject":"add test for #1609","body":"","commiter": {"name":"tanner0101","email":"me@tanner.xyz","date": 1524792453 }},{"commit":"d55e0374","subject":"make DateMiddleware init private; assert on eventloop; fixes #1628","body":"","commiter": {"name":"tanner0101","email":"me@tanner.xyz","date": 1524791516 }},{"commit":"f156bce7","subject":"cors middleware docblock updates","body":"","commiter": {"name":"tanner0101","email":"me@tanner.xyz","date": 1524790663 }},{"commit":"df9a918f","subject":"logger docblock updates","body":"","commiter": {"name":"tanner0101","email":"me@tanner.xyz","date": 1524790423 }},{"commit":"734c938a","subject":"Vapor.Client extension cleanup","body":"","commiter": {"name":"tanner0101","email":"me@tanner.xyz","date": 1524789081 }},{"commit":"f64124d1","subject":"re-organize folder structure","body":"","commiter": {"name":"tanner0101","email":"me@tanner.xyz","date": 1524784159 }},{"commit":"dcddef17","subject":"finish content docblocks","body":"","commiter": {"name":"tanner0101","email":"me@tanner.xyz","date": 1524782147 }},{"commit":"e336688e","subject":"remove VaporError source param","body":"","commiter": {"name":"tanner0101","email":"me@tanner.xyz","date": 1524781981 }},{"commit":"1b2ad056","subject":"temporarily disable key strategy","body":"","commiter": {"name":"tanner0101","email":"me@tanner.xyz","date": 1524780365 }},{"commit":"2fb96ec8","subject":"content / json improvements","body":"","commiter": {"name":"tanner0101","email":"me@tanner.xyz","date": 1524780157 }},{"commit":"c28a8887","subject":"add content coder docs","body":"","commiter": {"name":"tanner0101","email":"me@tanner.xyz","date": 1524775240 }},{"commit":"93883e37","subject":"revert to ViewRenderer","body":"","commiter": {"name":"tanner0101","email":"me@tanner.xyz","date": 1524712333 }},{"commit":"6f537ab9","subject":"add 'boot' command, fixes #1642","body":"","commiter": {"name":"tanner0101","email":"me@tanner.xyz","date": 1524710318 }},{"commit":"3f450adc","subject":"docs updates","body":"","commiter": {"name":"tanner0101","email":"me@tanner.xyz","date": 1524708026 }},{"commit":"9553d99d","subject":"updates","body":"","commiter": {"name":"tanner0101","email":"me@tanner.xyz","date": 1524707518 }},{"commit":"b9fa6aac","subject":"Update contributing.md","body":"","commiter": {"name":"GitHub","email":"noreply@github.com","date": 1524706326 }},{"commit":"681d9402","subject":"Update contributing.md","body":"","commiter": {"name":"GitHub","email":"noreply@github.com","date": 1524706225 }},{"commit":"707c1219","subject":"add FileIO wrapper + docblocks","body":"","commiter": {"name":"tanner0101","email":"me@tanner.xyz","date": 1524704827 }},{"commit":"c834f949","subject":"any/all route updates","body":"","commiter": {"name":"tanner0101","email":"me@tanner.xyz","date": 1524697952 }},{"commit":"9b883e6b","subject":"separate compile release workflow","body":"","commiter": {"name":"tanner0101","email":"me@tanner.xyz","date": 1524693137 }},{"commit":"bb563158","subject":"dbkit 1.0.0","body":"","commiter": {"name":"tanner0101","email":"me@tanner.xyz","date": 1524692841 }},{"commit":"632fc5d6","subject":"Fix minor typo","body":"","commiter": {"name":"GitHub","email":"noreply@github.com","date": 1524659854 }},{"commit":"0081592b","subject":"dbkit 1.0.0 gm","body":"","commiter": {"name":"tanner0101","email":"me@tanner.xyz","date": 1524609387 }},{"commit":"c81a7988","subject":"typo","body":"","commiter": {"name":"GitHub","email":"noreply@github.com","date": 1524520333 }},{"commit":"df901c65","subject":"Renamed Content.defaultMediaType to defaultContentType","body":"","commiter": {"name":"bre7","email":"mobileuy@gmail.com","date": 1524263675 }},{"commit":"fa17f08e","subject":"bcrypt string","body":"","commiter": {"name":"tanner0101","email":"me@tanner.xyz","date": 1524248782 }},{"commit":"df7daceb","subject":"fix encode test","body":"","commiter": {"name":"tanner0101","email":"me@tanner.xyz","date": 1524190276 }},{"commit":"6822f2b4","subject":"trierouter updates","body":"","commiter": {"name":"tanner0101","email":"me@tanner.xyz","date": 1524190088 }},{"commit":"19e1c18b","subject":"only export Routing.Parameters","body":"","commiter": {"name":"tanner0101","email":"me@tanner.xyz","date": 1524189590 }},{"commit":"2ba2529b","subject":"trigger ci","body":"","commiter": {"name":"tanner0101","email":"me@tanner.xyz","date": 1524189455 }},{"commit":"fcb9cc71","subject":"update package.swift for routing","body":"","commiter": {"name":"tanner0101","email":"me@tanner.xyz","date": 1524189242 }},{"commit":"c86f47c7","subject":"add values convenience","body":"","commiter": {"name":"tanner0101","email":"me@tanner.xyz","date": 1524189092 }},{"commit":"e37de804","subject":"routing 3.0.0 gm","body":"","commiter": {"name":"tanner0101","email":"me@tanner.xyz","date": 1524183297 }},{"commit":"a57ad768","subject":"use tagged versions of websockets and http","body":"","commiter": {"name":"tanner0101","email":"me@tanner.xyz","date": 1524079116 }},{"commit":"0bcf9141","subject":"latest websocket updates","body":"","commiter": {"name":"tanner0101","email":"me@tanner.xyz","date": 1524078613 }},{"commit":"b562fee8","subject":"remove extraneous exports","body":"","commiter": {"name":"tanner0101","email":"me@tanner.xyz","date": 1523997439 }},{"commit":"df83f459","subject":"websocket + http gm","body":"","commiter": {"name":"tanner0101","email":"me@tanner.xyz","date": 1523997392 }},{"commit":"6538410a","subject":"partial http/websocket gm upgrade","body":"","commiter": {"name":"tanner0101","email":"me@tanner.xyz","date": 1523991602 }},{"commit":"7ed1a90f","subject":"add url query decode test","body":"","commiter": {"name":"tanner0101","email":"me@tanner.xyz","date": 1523915667 }},{"commit":"191caf26","subject":"trigger ci","body":"","commiter": {"name":"tanner0101","email":"me@tanner.xyz","date": 1523915352 }},{"commit":"d842b961","subject":"re-arrange tests","body":"","commiter": {"name":"tanner0101","email":"me@tanner.xyz","date": 1523911496 }},{"commit":"81d31b43","subject":"properly set html mediatype for views","body":"","commiter": {"name":"tanner0101","email":"me@tanner.xyz","date": 1523656423 }},{"commit":"eca0bf67","subject":"use random multipart boundary","body":"","commiter": {"name":"tanner0101","email":"me@tanner.xyz","date": 1523585802 }},{"commit":"11a37ea4","subject":"HTTPMessageCoder + Multipart updates","body":"","commiter": {"name":"tanner0101","email":"me@tanner.xyz","date": 1523584697 }},{"commit":"399fad63","subject":"trigger ci","body":"","commiter": {"name":"tanner0101","email":"me@tanner.xyz","date": 1523570784 }},{"commit":"f3ad3dfe","subject":"core 3.1 updates","body":"","commiter": {"name":"tanner0101","email":"me@tanner.xyz","date": 1523570504 }},{"commit":"30146897","subject":"Fixes #1605","body":"","commiter": {"name":"Carl Downing","email":"carl@outside.net","date": 1523133016 }},{"commit":"91ee7e02","subject":"Fixes console output interleaving","body":"","commiter": {"name":"GitHub","email":"noreply@github.com","date": 1522983821 }},{"commit":"c045b8d0","subject":"console 3.0.0 updates","body":"","commiter": {"name":"tanner0101","email":"me@tanner.xyz","date": 1522958503 }},{"commit":"8783e587","subject":"trigger ci","body":"","commiter": {"name":"tanner0101","email":"me@tanner.xyz","date": 1522793247 }},{"commit":"ed1bd7ef","subject":"updates for service gm 1.0.0","body":"","commiter": {"name":"tanner0101","email":"me@tanner.xyz","date": 1522786204 }},{"commit":"5431cc61","subject":"Fixing typo `converToURL` -> `convertToURL`","body":"","commiter": {"name":"Jean-Étienne","email":"git@jeanetienne.net","date": 1522741327 }},{"commit":"62a29455","subject":"bcrypt updates","body":"","commiter": {"name":"tanner0101","email":"me@tanner.xyz","date": 1522718644 }},{"commit":"61c7bbfb","subject":"Better convert status code into HTTPResponseStatus","body":"This depends on version 1.3.0 of SwiftNIO, see: https://github.com/apple/swift-nio/pull/158\n\nThe benefit of this change is that when you have a known status code (e.g. 200) this will be converted to `HTTPResponseStatus.ok` instead of `HTTPResponseStatus.custom(200, '')`. This allows comparing the status code of the resulting `HTTPResponse` directly to a `HTTPResponseStatus` case.","commiter": {"name":"Siemen Sikkema","email":"siemensikkema@users.noreply.github.com","date": 1522678218 }},{"commit":"aef64635","subject":"Fix default router registration","body":"","commiter": {"name":"Sammy Gutierrez","email":"me@sammygutierrez.com","date": 1522213596 }},{"commit":"ff9cd9eb","subject":"Move default router to singleton","body":"","commiter": {"name":"Sammy Gutierrez","email":"me@sammygutierrez.com","date": 1522212447 }},{"commit":"5a840024","subject":"Revert 'Fix for #1574'","body":"This reverts commit d85522bdf418dd3b07fa22ee4f7432969374b585.\n","commiter": {"name":"Sammy Gutierrez","email":"me@sammygutierrez.com","date": 1522211961 }},{"commit":"5e59691e","subject":"codablekit updates","body":"","commiter": {"name":"tanner0101","email":"me@tanner.xyz","date": 1522201952 }},{"commit":"e66d5b71","subject":"command config updates, moved to console. updates serve command to properly use flags","body":"","commiter": {"name":"tanner0101","email":"me@tanner.xyz","date": 1522165780 }},{"commit":"d85522bd","subject":"Fix for #1574","body":"","commiter": {"name":"Sammy Gutierrez","email":"me@sammygutierrez.com","date": 1522131448 }},{"commit":"845562d3","subject":"remove fatalerror","body":"","commiter": {"name":"tanner0101","email":"me@tanner.xyz","date": 1521950935 }},{"commit":"5be9b4ea","subject":"async run + running server","body":"","commiter": {"name":"tanner0101","email":"me@tanner.xyz","date": 1521946493 }},{"commit":"bd01f667","subject":"use environment for command line arguments","body":"","commiter": {"name":"tanner0101","email":"me@tanner.xyz","date": 1521935913 }},{"commit":"740ca202","subject":"update test to not be dependent on key ordering","body":"","commiter": {"name":"tanner0101","email":"me@tanner.xyz","date": 1521931318 }},{"commit":"79165a3d","subject":"unpin deps when testing api template","body":"","commiter": {"name":"tanner0101","email":"me@tanner.xyz","date": 1521931105 }},{"commit":"5c07411f","subject":"trigger ci","body":"","commiter": {"name":"tanner0101","email":"me@tanner.xyz","date": 1521930717 }},{"commit":"9fa0562c","subject":"additional docs and cleanup","body":"","commiter": {"name":"tanner0101","email":"me@tanner.xyz","date": 1521925433 }},{"commit":"601b2c18","subject":"application + request docs","body":"","commiter": {"name":"tanner0101","email":"me@tanner.xyz","date": 1521924919 }},{"commit":"d8e5fa0f","subject":"content config and request docs","body":"","commiter": {"name":"tanner0101","email":"me@tanner.xyz","date": 1521923655 }},{"commit":"0d22b431","subject":"body and data coders","body":"","commiter": {"name":"tanner0101","email":"me@tanner.xyz","date": 1521853555 }},{"commit":"461116d3","subject":"conform decoding error to aborterror. fixes #1534","body":"","commiter": {"name":"tanner0101","email":"me@tanner.xyz","date": 1521760314 }},{"commit":"3c40418c","subject":"Fix CI","body":"","commiter": {"name":"Tim","email":"0xtimc@gmail.com","date": 1521730610 }},{"commit":"30703cc3","subject":"Check to see if path is a directory as well","body":"","commiter": {"name":"Tim","email":"0xtimc@gmail.com","date": 1521730425 }},{"commit":"2feb0f0a","subject":"remove url query when routing request, fixes #1537","body":"","commiter": {"name":"tanner0101","email":"me@tanner.xyz","date": 1521681435 }},{"commit":"5f757a9a","subject":"rc.2 updates","body":"","commiter": {"name":"tanner0101","email":"me@tanner.xyz","date": 1521666825 }},{"commit":"c243fec2","subject":"latest core updates","body":"","commiter": {"name":"tanner0101","email":"me@tanner.xyz","date": 1521661654 }},{"commit":"6e35e380","subject":"use memory-threadsafe keyed cache. fixes vapor/auth#31","body":"","commiter": {"name":"tanner0101","email":"me@tanner.xyz","date": 1521648450 }},{"commit":"4314f510","subject":"add VaporProvider service provider subprotocol","body":"","commiter": {"name":"tanner0101","email":"me@tanner.xyz","date": 1521582818 }},{"commit":"00d0869b","subject":"body decoder update","body":"","commiter": {"name":"tanner0101","email":"me@tanner.xyz","date": 1521581224 }},{"commit":"0080622f","subject":"dev module warnings","body":"","commiter": {"name":"Tanner","email":"me@tanner.xyz","date": 1521579920 }},{"commit":"80f2cc06","subject":"nio updates","body":"","commiter": {"name":"Tanner","email":"me@tanner.xyz","date": 1521579920 }},{"commit":"43837fb6","subject":"dev module warnings","body":"","commiter": {"name":"tanner0101","email":"me@tanner.xyz","date": 1521579912 }},{"commit":"5483ec8e","subject":"nio updates","body":"","commiter": {"name":"tanner0101","email":"me@tanner.xyz","date": 1521579675 }},{"commit":"3303ab2e","subject":"Fixes for #1557.","body":"","commiter": {"name":"Daniel Alm","email":"Daniel.Alm@ForumD.net","date": 1521571911 }},{"commit":"16c43375","subject":"change logic to catch system clock change case","body":"","commiter": {"name":"Tanner","email":"me@tanner.xyz","date": 1521570220 }},{"commit":"1afb1234","subject":"fix cached timestamp return logic","body":"","commiter": {"name":"Tanner","email":"me@tanner.xyz","date": 1521570220 }},{"commit":"ef98aa6c","subject":"Shut down the application's event loop when it gets deallocated.","body":"Without this, every time we initialize an `Application`, it leaks an event loop thread. This probably won't happen in production, but it might happen in tests, where each test case creates its own `Application` instance for testing.\n","commiter": {"name":"Daniel Alm","email":"Daniel.Alm@ForumD.net","date": 1521569468 }},{"commit":"add4881f","subject":"Fix usage of the updated Base64 API.","body":"(This was broken since making `Data.base64Encoded()` throwing yesterday, and it's still broken after making it non-throwing again today. This fixes it once `fix-base64` is merged in `vapor-core`.)\n","commiter": {"name":"Daniel Alm","email":"Daniel.Alm@ForumD.net","date": 1521546068 }},{"commit":"19d7946c","subject":"Update README.md","body":"","commiter": {"name":"GitHub","email":"noreply@github.com","date": 1521477400 }},{"commit":"6599b35e","subject":"Update contributing.md","body":"","commiter": {"name":"GitHub","email":"noreply@github.com","date": 1521002157 }},{"commit":"9b222574","subject":"contributor md + contributor test sh","body":"","commiter": {"name":"tanner0101","email":"me@tanner.xyz","date": 1521002053 }},{"commit":"f31267c6","subject":"fix leaky promise in date middleware","body":"","commiter": {"name":"tanner0101","email":"me@tanner.xyz","date": 1520896453 }},{"commit":"eba3de75","subject":"use URandom instead of OSRandom","body":"","commiter": {"name":"tanner0101","email":"me@tanner.xyz","date": 1520893425 }},{"commit":"bb3ce5f4","subject":"nio-based websockets","body":"","commiter": {"name":"tanner0101","email":"me@tanner.xyz","date": 1520874335 }},{"commit":"dd293b70","subject":"trigger ci","body":"","commiter": {"name":"tanner0101","email":"me@tanner.xyz","date": 1520558767 }},{"commit":"631eb081","subject":"Add Backticks to comments for consistency`s sake","body":"","commiter": {"name":"Tanner","email":"me@tanner.xyz","date": 1520558530 }},{"commit":"eba2dc7f","subject":"Change short flag for version command to 'v'","body":"","commiter": {"name":"Tanner","email":"me@tanner.xyz","date": 1520551436 }},{"commit":"714f5c37","subject":"Made Router.on(HTTPMethod, [PathComponent], RequestDecodableResponder<C, T>.Closure) method public","body":"","commiter": {"name":"Tanner","email":"me@tanner.xyz","date": 1520551436 }},{"commit":"82a3e93f","subject":"add api-template test to circleci push builds","body":"","commiter": {"name":"tanner0101","email":"me@tanner.xyz","date": 1520550338 }},{"commit":"f12dcd02","subject":"wait half a second after server boot in tests","body":"","commiter": {"name":"tanner0101","email":"me@tanner.xyz","date": 1520550168 }},{"commit":"050d9d9f","subject":"longer wait after server start to do client","body":"","commiter": {"name":"tanner0101","email":"me@tanner.xyz","date": 1520549651 }},{"commit":"fd13d378","subject":"update routing path comps","body":"","commiter": {"name":"tanner0101","email":"me@tanner.xyz","date": 1520549156 }},{"commit":"f949c54e","subject":"update to validation nio branch","body":"","commiter": {"name":"tanner0101","email":"me@tanner.xyz","date": 1520547304 }},{"commit":"7caf21e5","subject":"fix ci syntax","body":"","commiter": {"name":"tanner0101","email":"me@tanner.xyz","date": 1520546590 }},{"commit":"cf44ce20","subject":"fix circleci typo","body":"","commiter": {"name":"tanner0101","email":"me@tanner.xyz","date": 1520546498 }},{"commit":"130d8237","subject":"add nio test","body":"","commiter": {"name":"tanner0101","email":"me@tanner.xyz","date": 1520546335 }},{"commit":"0b239502","subject":"separate nightly build","body":"","commiter": {"name":"tanner0101","email":"me@tanner.xyz","date": 1520546294 }},{"commit":"f9fdc29c","subject":"nightly ci builds","body":"","commiter": {"name":"tanner0101","email":"me@tanner.xyz","date": 1520546237 }},{"commit":"e7b3312e","subject":"engine perf updates + path component cleanup","body":"","commiter": {"name":"Tanner Nelson","email":"me@tanner.xyz","date": 1520213393 }},{"commit":"4a2f2d5c","subject":"use real event loop for application","body":"","commiter": {"name":"Tanner Nelson","email":"me@tanner.xyz","date": 1520122438 }},{"commit":"841b104c","subject":"Update to latest Engine removing HTTPMessage worker conformance","body":"","commiter": {"name":"Tanner Nelson","email":"me@tanner.xyz","date": 1520113460 }},{"commit":"2d572292","subject":"fix #1522","body":"","commiter": {"name":"Tanner Nelson","email":"me@tanner.xyz","date": 1520067134 }},{"commit":"53d6097a","subject":"add pkg-config to circleci","body":"","commiter": {"name":"Tanner Nelson","email":"me@tanner.xyz","date": 1520066827 }},{"commit":"16a072a9","subject":"remove deprecated transfer encodings","body":"","commiter": {"name":"Tanner Nelson","email":"me@tanner.xyz","date": 1520066694 }},{"commit":"976865d5","subject":"update sessions to nio + http cookies","body":"","commiter": {"name":"Tanner Nelson","email":"me@tanner.xyz","date": 1520066446 }},{"commit":"cfbea968","subject":"reimpl corsmiddleware","body":"","commiter": {"name":"Tanner Nelson","email":"me@tanner.xyz","date": 1520062912 }},{"commit":"c85a57cd","subject":"nio engine cleanup","body":"","commiter": {"name":"Tanner Nelson","email":"me@tanner.xyz","date": 1520062499 }},{"commit":"2e7fa8bb","subject":"push waiting vapor updates","body":"","commiter": {"name":"Tanner Nelson","email":"me@tanner.xyz","date": 1520055272 }},{"commit":"160b6514","subject":"jsondecoder impl","body":"","commiter": {"name":"Tanner Nelson","email":"me@tanner.xyz","date": 1519957897 }},{"commit":"a4dd5f4c","subject":"query container","body":"","commiter": {"name":"Tanner Nelson","email":"me@tanner.xyz","date": 1519957793 }},{"commit":"06850eac","subject":"nio updates","body":"","commiter": {"name":"Tanner Nelson","email":"me@tanner.xyz","date": 1519957351 }},{"commit":"daeefa73","subject":"nio + client","body":"","commiter": {"name":"Tanner Nelson","email":"me@tanner.xyz","date": 1519956763 }},{"commit":"569fed61","subject":"http + nio updates","body":"","commiter": {"name":"Tanner Nelson","email":"me@tanner.xyz","date": 1519955734 }},{"commit":"fe70dd29","subject":"nio updates","body":"","commiter": {"name":"Tanner Nelson","email":"me@tanner.xyz","date": 1519939483 }},{"commit":"e0265cfd","subject":"compiling","body":"","commiter": {"name":"Tanner Nelson","email":"me@tanner.xyz","date": 1519897626 }},{"commit":"c8f3fcd9","subject":"nio-based httpreq/res structs","body":"","commiter": {"name":"Tanner Nelson","email":"me@tanner.xyz","date": 1519893219 }},{"commit":"63d68497","subject":"foundation client","body":"","commiter": {"name":"Tanner Nelson","email":"me@tanner.xyz","date": 1519807297 }},{"commit":"55c87dc1","subject":"add test for #1513","body":"","commiter": {"name":"Tanner Nelson","email":"me@tanner.xyz","date": 1519802106 }},{"commit":"a90b2a4a","subject":"add suggested fixes for Model.defaultDatabase error","body":"","commiter": {"name":"Tanner Nelson","email":"me@tanner.xyz","date": 1519788506 }},{"commit":"c563e034","subject":"xcode 10 support for good measure","body":"","commiter": {"name":"Tanner Nelson","email":"me@tanner.xyz","date": 1519747494 }},{"commit":"c060fc75","subject":"4.1 version fix","body":"","commiter": {"name":"Tanner Nelson","email":"me@tanner.xyz","date": 1519747372 }},{"commit":"78e1088e","subject":"compat script fix","body":"","commiter": {"name":"Tanner Nelson","email":"me@tanner.xyz","date": 1519747184 }},{"commit":"e7e0a2de","subject":"engine client close","body":"","commiter": {"name":"Tanner Nelson","email":"me@tanner.xyz","date": 1519676447 }},{"commit":"9da65ea9","subject":"Update README.md","body":"","commiter": {"name":"GitHub","email":"noreply@github.com","date": 1519374165 }},{"commit":"b2ac7868","subject":"Update README.md","body":"","commiter": {"name":"GitHub","email":"noreply@github.com","date": 1519374088 }},{"commit":"0bd9e7bb","subject":"Update README.md","body":"","commiter": {"name":"GitHub","email":"noreply@github.com","date": 1519374075 }},{"commit":"2db1fbd7","subject":"Update README.md","body":"","commiter": {"name":"GitHub","email":"noreply@github.com","date": 1519373839 }},{"commit":"735b1be2","subject":"docs capitalized","body":"","commiter": {"name":"Tanner Nelson","email":"me@tanner.xyz","date": 1519373320 }},{"commit":"a2566dfb","subject":"Update issue_template.md","body":"","commiter": {"name":"GitHub","email":"noreply@github.com","date": 1519373173 }},{"commit":"89daeeb4","subject":"Update issue_template.md","body":"","commiter": {"name":"GitHub","email":"noreply@github.com","date": 1519373137 }},{"commit":"47306082","subject":"Update issue_template.md","body":"","commiter": {"name":"GitHub","email":"noreply@github.com","date": 1519373080 }},{"commit":"5439de4c","subject":"Update issue_template.md","body":"","commiter": {"name":"GitHub","email":"noreply@github.com","date": 1519372993 }},{"commit":"251e28eb","subject":"Update issue_template.md","body":"","commiter": {"name":"GitHub","email":"noreply@github.com","date": 1519370725 }},{"commit":"926c23f4","subject":"Update README.md","body":"","commiter": {"name":"GitHub","email":"noreply@github.com","date": 1519370625 }},{"commit":"4291cfaf","subject":"rc cleanup","body":"","commiter": {"name":"Tanner Nelson","email":"me@tanner.xyz","date": 1519370437 }},{"commit":"57980d6c","subject":"revert utils","body":"","commiter": {"name":"Tanner Nelson","email":"me@tanner.xyz","date": 1519369804 }},{"commit":"c34a8b04","subject":"combine docs + utils","body":"","commiter": {"name":"Tanner Nelson","email":"me@tanner.xyz","date": 1519369485 }},{"commit":"d9f40cb6","subject":"vapor 3","body":"","commiter": {"name":"Tanner Nelson","email":"me@tanner.xyz","date": 1519369228 }},{"commit":"ad27af62","subject":"header update","body":"","commiter": {"name":"Tanner Nelson","email":"me@tanner.xyz","date": 1519367566 }},{"commit":"38629e04","subject":"metadata updates","body":"","commiter": {"name":"Tanner Nelson","email":"me@tanner.xyz","date": 1519367478 }},{"commit":"ed613391","subject":"updates","body":"","commiter": {"name":"Tanner Nelson","email":"me@tanner.xyz","date": 1519367345 }},{"commit":"074b0ab9","subject":"clean up the broken out code","body":"","commiter": {"name":"Joannis Orlandos","email":"joannis@orlandos.nl","date": 1519309422 }},{"commit":"5aa4fd56","subject":"break out the URI","body":"","commiter": {"name":"Joannis Orlandos","email":"joannis@orlandos.nl","date": 1519309287 }},{"commit":"ac473f4d","subject":"adapt to comments","body":"","commiter": {"name":"Joannis Orlandos","email":"joannis@orlandos.nl","date": 1519309150 }},{"commit":"3f7ff86d","subject":"Fix tests","body":"","commiter": {"name":"Joannis Orlandos","email":"joannis@orlandos.nl","date": 1519308798 }},{"commit":"ee270c6e","subject":"rc.1 perf testing","body":"","commiter": {"name":"Tanner Nelson","email":"me@tanner.xyz","date": 1519292926 }},{"commit":"ec9de7d2","subject":"workaround for SR-6922","body":"","commiter": {"name":"Tanner Nelson","email":"me@tanner.xyz","date": 1519290326 }},{"commit":"65c2a448","subject":"small comment fix, resolves #1482","body":"","commiter": {"name":"Tanner Nelson","email":"me@tanner.xyz","date": 1519288300 }},{"commit":"c3cea212","subject":"beta 4 updates","body":"","commiter": {"name":"Tanner Nelson","email":"me@tanner.xyz","date": 1519287777 }},{"commit":"584c2ab5","subject":"Removed old PROJECTS.md file","body":"","commiter": {"name":"Milan Vit","email":"milanvit@milanvit.net","date": 1519164681 }},{"commit":"4e927d9a","subject":"Added link to awesome list","body":"","commiter": {"name":"Milan Vit","email":"milanvit@milanvit.net","date": 1519164594 }},{"commit":"5461cd5a","subject":"json content config, resolves #1493","body":"","commiter": {"name":"Tanner Nelson","email":"me@tanner.xyz","date": 1519159174 }},{"commit":"f0500cdb","subject":"Update README.md","body":"","commiter": {"name":"GitHub","email":"noreply@github.com","date": 1519156391 }},{"commit":"b7b7739c","subject":"Update README.md","body":"","commiter": {"name":"GitHub","email":"noreply@github.com","date": 1519156284 }},{"commit":"2f7069c5","subject":"file middleware fix'","body":"","commiter": {"name":"Tanner Nelson","email":"me@tanner.xyz","date": 1519155317 }},{"commit":"48c1d7a6","subject":"conform dict to content. resolves #1500","body":"","commiter": {"name":"Tanner Nelson","email":"me@tanner.xyz","date": 1519154495 }},{"commit":"1012d2d4","subject":"cleanup","body":"","commiter": {"name":"Tanner Nelson","email":"me@tanner.xyz","date": 1519152559 }},{"commit":"e9db7a10","subject":"fix tests","body":"","commiter": {"name":"Tanner Nelson","email":"me@tanner.xyz","date": 1519097454 }},{"commit":"39fb8104","subject":"organize router extensions","body":"","commiter": {"name":"Tanner Nelson","email":"me@tanner.xyz","date": 1519092832 }},{"commit":"72a04288","subject":"lazy middleware","body":"","commiter": {"name":"Tanner Nelson","email":"me@tanner.xyz","date": 1519084392 }},{"commit":"3685f50e","subject":"dbkit update","body":"","commiter": {"name":"Tanner Nelson","email":"me@tanner.xyz","date": 1519077611 }},{"commit":"1cf69415","subject":"Bring in latest databasekit","body":"","commiter": {"name":"Tim","email":"0xtimc@gmail.com","date": 1519076234 }},{"commit":"4da21d26","subject":"Remove argument from the engine client config initializer","body":"","commiter": {"name":"Joannis Orlandos","email":"joannis@orlandos.nl","date": 1519030921 }},{"commit":"3088c568","subject":"fix inline docs","body":"","commiter": {"name":"Maxim Bazarov","email":"bazaroffma@gmail.com","date": 1518983576 }},{"commit":"d88047f1","subject":"fixed inline documentation","body":"","commiter": {"name":"Maxim Bazarov","email":"bazaroffma@gmail.com","date": 1518942220 }},{"commit":"526c17ba","subject":"fix typo in tests","body":"","commiter": {"name":"Tanner Nelson","email":"me@tanner.xyz","date": 1518741004 }},{"commit":"5735d001","subject":"race condition & other fluent fixes","body":"","commiter": {"name":"Tanner Nelson","email":"me@tanner.xyz","date": 1518740931 }},{"commit":"19e24fbc","subject":"client content-length headers fix","body":"","commiter": {"name":"Tanner Nelson","email":"me@tanner.xyz","date": 1518729831 }},{"commit":"55e48b08","subject":"docs updated","body":"","commiter": {"name":"Maxim Bazarov","email":"bazaroffma@gmail.com","date": 1518695958 }},{"commit":"bc3b0dfb","subject":"additional client fixes","body":"","commiter": {"name":"Tanner Nelson","email":"me@tanner.xyz","date": 1518661191 }},{"commit":"7c63402a","subject":"fix infinite hang when client interacts with connection: close","body":"","commiter": {"name":"Tanner Nelson","email":"me@tanner.xyz","date": 1518652095 }},{"commit":"d2f80623","subject":"fixed linux tests","body":"","commiter": {"name":"Maxim Bazarov","email":"bazaroffma@gmail.com","date": 1518641307 }},{"commit":"7ade5b8b","subject":"removed unnecessary space","body":"","commiter": {"name":"Maxim Bazarov","email":"bazaroffma@gmail.com","date": 1518640532 }},{"commit":"59f90afb","subject":"fixed tests","body":"","commiter": {"name":"Maxim Bazarov","email":"bazaroffma@gmail.com","date": 1518640419 }},{"commit":"5c39b41b","subject":"updated router groups","body":"","commiter": {"name":"Maxim Bazarov","email":"bazaroffma@gmail.com","date": 1518639399 }},{"commit":"572c7a2b","subject":"dbkit beta.2","body":"","commiter": {"name":"Tanner Nelson","email":"me@tanner.xyz","date": 1518569817 }},{"commit":"f8d03bd4","subject":"Update dependencies","body":"","commiter": {"name":"GitHub","email":"noreply@github.com","date": 1518492963 }},{"commit":"b4cb2281","subject":"register multipart content config","body":"","commiter": {"name":"Tanner Nelson","email":"me@tanner.xyz","date": 1518488820 }},{"commit":"4e7739a5","subject":"MultipartFormConfig","body":"","commiter": {"name":"Tanner Nelson","email":"me@tanner.xyz","date": 1518488663 }},{"commit":"bbfec853","subject":"Update main.swift","body":"","commiter": {"name":"GitHub","email":"noreply@github.com","date": 1518486845 }},{"commit":"b58bb3e7","subject":"Update Router+Method.swift","body":"","commiter": {"name":"GitHub","email":"noreply@github.com","date": 1518486827 }},{"commit":"8d19e60d","subject":"use parameter defaults instead of separate functions","body":"","commiter": {"name":"GitHub","email":"noreply@github.com","date": 1518485287 }},{"commit":"9e5665fb","subject":"remove validation package","body":"","commiter": {"name":"Tanner Nelson","email":"me@tanner.xyz","date": 1518485109 }},{"commit":"abebdb56","subject":"Allow users of MultipartForm to set max Request size","body":"","commiter": {"name":"Ben Syverson","email":"ben@bensyverson.com","date": 1518405791 }},{"commit":"3211646b","subject":"Remove (near) empty files","body":"","commiter": {"name":"Siemen Sikkema","email":"siemensikkema@users.noreply.github.com","date": 1518359387 }},{"commit":"dd371839","subject":"Syntax","body":"","commiter": {"name":"Siemen Sikkema","email":"siemensikkema@users.noreply.github.com","date": 1518359387 }},{"commit":"42294a8c","subject":"Use `HTTPHeaderName`s in favor of string","body":"depends on https://github.com/vapor/engine/pull/215\n","commiter": {"name":"Siemen Sikkema","email":"siemensikkema@users.noreply.github.com","date": 1518359387 }},{"commit":"d5271bb3","subject":"Improve/fix some comments","body":"","commiter": {"name":"Siemen Sikkema","email":"siemensikkema@users.noreply.github.com","date": 1518359387 }},{"commit":"b9c0c47d","subject":"Remove extra newlines","body":"","commiter": {"name":"Siemen Sikkema","email":"siemensikkema@users.noreply.github.com","date": 1518359387 }},{"commit":"dde865f8","subject":"fixing overlapping memory access error and avoiding force unwrapping conditionals as requested and identitation :D","body":"","commiter": {"name":"Dobi Sándor","email":"dobi.sandor@codewizards.hu","date": 1518265719 }},{"commit":"20ab4cc8","subject":"fixing overlapping memory access error and avoiding force unwrapping conditionals as requested","body":"","commiter": {"name":"Dobi Sándor","email":"dobi.sandor@codewizards.hu","date": 1518265152 }},{"commit":"3341318c","subject":"3.0 updates dep","body":"","commiter": {"name":"tanner0101","email":"me@tanner.xyz","date": 1518226471 }},{"commit":"eb1e2923","subject":"update 3.0 deps","body":"","commiter": {"name":"tanner0101","email":"me@tanner.xyz","date": 1518226226 }},{"commit":"9c69063b","subject":"Fixed Exclusive Access to Memory bug","body":"","commiter": {"name":"Dobi Sándor","email":"dobi.sandor@codewizards.hu","date": 1518212609 }},{"commit":"818e640c","subject":"more linux compilation fixes","body":"","commiter": {"name":"Joannis Orlandos","email":"joannis@orlandos.nl","date": 1518161680 }},{"commit":"ea8c6119","subject":"fix linux compilation issues","body":"","commiter": {"name":"Joannis Orlandos","email":"joannis@orlandos.nl","date": 1518161570 }},{"commit":"8c39988d","subject":"Change `to: path` to `at: path`","body":"","commiter": {"name":"Joannis Orlandos","email":"joannis@orlandos.nl","date": 1518160737 }},{"commit":"c132ba9b","subject":"update to comments","body":"","commiter": {"name":"Joannis Orlandos","email":"joannis@orlandos.nl","date": 1518160205 }},{"commit":"b317193f","subject":"Remove content upload APIs for bodyless methods","body":"","commiter": {"name":"Joannis Orlandos","email":"joannis@orlandos.nl","date": 1517749385 }},{"commit":"445bf9bf","subject":"Remove possible content uploads when making a GET request","body":"","commiter": {"name":"Joannis Orlandos","email":"joannis@orlandos.nl","date": 1517592731 }},{"commit":"7bdb4853","subject":"add tests for linux","body":"","commiter": {"name":"Joannis Orlandos","email":"joannis@orlandos.nl","date": 1517592540 }},{"commit":"7736eda7","subject":"redirect tests","body":"","commiter": {"name":"Joannis Orlandos","email":"joannis@orlandos.nl","date": 1517592433 }},{"commit":"d138c72c","subject":"increase redirect count","body":"","commiter": {"name":"Joannis Orlandos","email":"joannis@orlandos.nl","date": 1517592072 }},{"commit":"12c58f55","subject":"More flexible redirects","body":"","commiter": {"name":"Joannis Orlandos","email":"joannis@orlandos.nl","date": 1517592061 }},{"commit":"6dcccf31","subject":"Support EngineClient redirection","body":"","commiter": {"name":"Joannis Orlandos","email":"joannis@orlandos.nl","date": 1517535163 }},{"commit":"a0b31bba","subject":"close tls/tcp client after request","body":"","commiter": {"name":"Tanner Nelson","email":"me@tanner.xyz","date": 1517432063 }},{"commit":"e4416095","subject":"add http(s) bin examples","body":"","commiter": {"name":"Tanner Nelson","email":"me@tanner.xyz","date": 1517431811 }},{"commit":"b7999729","subject":"tcp/tls updates","body":"","commiter": {"name":"Tanner Nelson","email":"me@tanner.xyz","date": 1517431356 }},{"commit":"da09ba65","subject":"Use conditional conformance","body":"","commiter": {"name":"Siemen Sikkema","email":"siemensikkema@users.noreply.github.com","date": 1517419944 }},{"commit":"861da90a","subject":"ci 4.1","body":"","commiter": {"name":"Tanner Nelson","email":"me@tanner.xyz","date": 1517363919 }},{"commit":"37742858","subject":"linux fix","body":"","commiter": {"name":"Tanner Nelson","email":"me@tanner.xyz","date": 1517259987 }},{"commit":"b6520628","subject":"bump","body":"","commiter": {"name":"Tanner Nelson","email":"me@tanner.xyz","date": 1517257109 }},{"commit":"edca92a1","subject":"final updates","body":"","commiter": {"name":"Tanner Nelson","email":"me@tanner.xyz","date": 1517256950 }},{"commit":"8af2c9fa","subject":"Remove max response size from EngineClient","body":"","commiter": {"name":"Joannis Orlandos","email":"joannis@orlandos.nl","date": 1517222984 }},{"commit":"cbb8a273","subject":"Make the fields of `Proxy` readable outside of Vapor itself.","body":"","commiter": {"name":"Gwynne Raskind","email":"gwynne@darkrainfall.org","date": 1517058821 }},{"commit":"967eef12","subject":"chttp refactor cleanup","body":"","commiter": {"name":"Tanner Nelson","email":"me@tanner.xyz","date": 1517015619 }},{"commit":"5d0a48a4","subject":"Update EngineClient.swift","body":"","commiter": {"name":"GitHub","email":"noreply@github.com","date": 1516817280 }},{"commit":"f725cd63","subject":"Add helpers for decoding content from requests with a body","body":"","commiter": {"name":"Joannis Orlandos","email":"joannis@orlandos.nl","date": 1516810233 }},{"commit":"ab1ac668","subject":"Fix the `OpenSSLClient` typo","body":"","commiter": {"name":"GitHub","email":"noreply@github.com","date": 1516710644 }},{"commit":"7c6f91f2","subject":"client uri + tls","body":"","commiter": {"name":"Tanner Nelson","email":"me@tanner.xyz","date": 1516693409 }},{"commit":"02ad5ab7","subject":"add new tls and sockets deps","body":"","commiter": {"name":"Tanner Nelson","email":"me@tanner.xyz","date": 1516656130 }},{"commit":"7f53fe91","subject":"error output updates'","body":"","commiter": {"name":"Tanner Nelson","email":"me@tanner.xyz","date": 1516651848 }},{"commit":"5b1a1668","subject":"keyed cache sessions","body":"","commiter": {"name":"Tanner Nelson","email":"me@tanner.xyz","date": 1516649752 }},{"commit":"edb6f069","subject":"req.make default arg","body":"","commiter": {"name":"Tanner Nelson","email":"me@tanner.xyz","date": 1516582815 }},{"commit":"3d21563d","subject":"rm dup keyed cache impl","body":"","commiter": {"name":"Tanner Nelson","email":"me@tanner.xyz","date": 1516577527 }},{"commit":"cdab5c30","subject":"update validations for unsafe coding path removal","body":"","commiter": {"name":"Tanner Nelson","email":"me@tanner.xyz","date": 1516576324 }},{"commit":"c8d6e1e1","subject":"Add headers to request","body":"","commiter": {"name":"Jimmy McDermott","email":"mcdappdev@gmail.com","date": 1516380978 }},{"commit":"24e66402","subject":"global map/flatMap updates","body":"","commiter": {"name":"Tanner Nelson","email":"me@tanner.xyz","date": 1516336245 }},{"commit":"fcd94ddc","subject":"fix mapstream","body":"","commiter": {"name":"Tanner Nelson","email":"me@tanner.xyz","date": 1516332027 }},{"commit":"81e285f9","subject":"Headers is used in requests from client","body":"Headers previously weren't being attached to requests","commiter": {"name":"GitHub","email":"noreply@github.com","date": 1516215938 }},{"commit":"a677a99f","subject":"Fix optional return type","body":"","commiter": {"name":"Tanner Nelson","email":"me@tanner.xyz","date": 1516148254 }},{"commit":"d6b25d91","subject":"content subscript futures","body":"","commiter": {"name":"Tanner Nelson","email":"me@tanner.xyz","date": 1516144483 }},{"commit":"7bd8c312","subject":"bump","body":"","commiter": {"name":"Tanner Nelson","email":"me@tanner.xyz","date": 1516070164 }},{"commit":"1e437558","subject":"Add StaticString as a ResponseEncodable type Remove extend from Request and Response","body":"","commiter": {"name":"Joannis Orlandos","email":"joannis@orlandos.nl","date": 1516068285 }},{"commit":"7b37d769","subject":"fix error messages","body":"","commiter": {"name":"Tanner Nelson","email":"me@tanner.xyz","date": 1516045281 }},{"commit":"c781d15e","subject":"content coders","body":"","commiter": {"name":"Tanner Nelson","email":"me@tanner.xyz","date": 1516044439 }},{"commit":"dbd61478","subject":"Add https://github.com/cocoaheadsru/","body":"Add https://github.com/cocoaheadsru -- API to iOS application for CocoaHeads meetups in Russia","commiter": {"name":"GitHub","email":"noreply@github.com","date": 1516022706 }},{"commit":"f30a18f6","subject":"byte stream updates","body":"","commiter": {"name":"tanner0101","email":"me@tanner.xyz","date": 1515909352 }},{"commit":"347dfcd8","subject":"cleanup","body":"","commiter": {"name":"Tanner Nelson","email":"me@tanner.xyz","date": 1515900111 }},{"commit":"c644d77f","subject":"async drain fix","body":"","commiter": {"name":"Tanner Nelson","email":"me@tanner.xyz","date": 1515853893 }},{"commit":"68ade792","subject":"fix boilerplaterun","body":"","commiter": {"name":"Joannis Orlandos","email":"joannis@orlandos.nl","date": 1515859762 }},{"commit":"dd3039ee","subject":"Fix development code","body":"","commiter": {"name":"Joannis Orlandos","email":"joannis@orlandos.nl","date": 1515859601 }},{"commit":"c1434812","subject":"Update engineserver","body":"","commiter": {"name":"Joannis Orlandos","email":"joannis@orlandos.nl","date": 1515858050 }},{"commit":"6938d246","subject":"Make Application a router","body":"","commiter": {"name":"Joannis Orlandos","email":"joannis@orlandos.nl","date": 1515758862 }},{"commit":"fc361f25","subject":"Update content","body":"","commiter": {"name":"Joannis Orlandos","email":"joannis@orlandos.nl","date": 1515758855 }},{"commit":"7af5fa75","subject":"--hostname option","body":"","commiter": {"name":"Tanner Nelson","email":"me@tanner.xyz","date": 1515690441 }},{"commit":"f2d9c1a5","subject":"Fix compilation","body":"","commiter": {"name":"Joannis Orlandos","email":"joannis@orlandos.nl","date": 1515677078 }},{"commit":"4198e941","subject":"detect comments","body":"","commiter": {"name":"Tanner Nelson","email":"me@tanner.xyz","date": 1515639162 }},{"commit":"e56cf0b4","subject":"flatMap port","body":"","commiter": {"name":"Tanner Nelson","email":"me@tanner.xyz","date": 1515639085 }},{"commit":"06c43e7e","subject":"add port override","body":"","commiter": {"name":"Tanner Nelson","email":"me@tanner.xyz","date": 1515639012 }},{"commit":"29d44712","subject":"add separate heroku","body":"","commiter": {"name":"Tanner Nelson","email":"me@tanner.xyz","date": 1515638595 }},{"commit":"20ea9d02","subject":"env & config updates","body":"","commiter": {"name":"Tanner Nelson","email":"me@tanner.xyz","date": 1515638495 }},{"commit":"f50cb79b","subject":"short flag console update","body":"","commiter": {"name":"Tanner Nelson","email":"me@tanner.xyz","date": 1515635892 }},{"commit":"1f11b418","subject":"template kit updates","body":"","commiter": {"name":"Tanner Nelson","email":"me@tanner.xyz","date": 1515617055 }},{"commit":"ea692ef7","subject":"template kit","body":"","commiter": {"name":"Tanner Nelson","email":"me@tanner.xyz","date": 1515564242 }},{"commit":"8667f5f5","subject":"middleware responder fix","body":"","commiter": {"name":"Tanner Nelson","email":"me@tanner.xyz","date": 1515543504 }},{"commit":"78dcd272","subject":"middleware responder fix","body":"","commiter": {"name":"Tanner Nelson","email":"me@tanner.xyz","date": 1515542996 }},{"commit":"81e29ddd","subject":"service updates","body":"","commiter": {"name":"Tanner Nelson","email":"me@tanner.xyz","date": 1515534644 }},{"commit":"2bc929c0","subject":"add database kit","body":"","commiter": {"name":"Tanner Nelson","email":"me@tanner.xyz","date": 1515519682 }},{"commit":"51e64466","subject":"session improvements","body":"","commiter": {"name":"Tanner Nelson","email":"me@tanner.xyz","date": 1515458700 }},{"commit":"11912295","subject":"Add description to `heroku()` and cleanup","body":"","commiter": {"name":"GitHub","email":"noreply@github.com","date": 1515235884 }},{"commit":"54627eb4","subject":"Add heroku config option to EngineServerConfig","body":"This way you can set your app up to accept the `'PORT` environment variable that Heroku requires. Config is done the same way as all the other configs.\nInside `config.swift`:\n`services.use(EngineServerConfig.heroku())`","commiter": {"name":"GitHub","email":"noreply@github.com","date": 1515201313 }},{"commit":"e01451f6","subject":"stream updates","body":"","commiter": {"name":"tanner0101","email":"me@tanner.xyz","date": 1515033189 }},{"commit":"db362059","subject":"Make HTTPStatus conform to ResponseEncodable","body":"Done so statuses can be returned on their own.\n\nExample:\n```\n        versionOneGroup.delete('park') { (req)  in\n            return req.withConnection(to: .sqlite) { (db) in\n                return db.query(Parking.self).first().flatMap(to: HTTPStatus.self) {\n                    guard let park = '0 else {\n                        throw Abort(.notFound, reason: 'Could not find parking.')\n                    }\n                    \n                    return park.delete(on: db).transform(to: HTTPStatus.ok)\n                }\n            }\n        }\n```","commiter": {"name":"GitHub","email":"noreply@github.com","date": 1515014423 }},{"commit":"f3684d80","subject":"Adds a default middleware config","body":"","commiter": {"name":"Joannis Orlandos","email":"joannis@orlandos.nl","date": 1514664976 }},{"commit":"ee9c15bd","subject":"use renamed to using back since it is the best","body":"","commiter": {"name":"Maksim Bazarov","email":"bazaroffma@gmail.com","date": 1514647495 }},{"commit":"46f3e45f","subject":"updated usage examples","body":"","commiter": {"name":"Maksim Bazarov","email":"bazaroffma@gmail.com","date": 1514647214 }},{"commit":"43307ca7","subject":"renamed using to use for function and in-place usage","body":"","commiter": {"name":"Maksim Bazarov","email":"bazaroffma@gmail.com","date": 1514643025 }},{"commit":"0f45bdc1","subject":"fixed naming, added tests","body":"","commiter": {"name":"Maksim Bazarov","email":"bazaroffma@gmail.com","date": 1514641812 }},{"commit":"53ac9188","subject":"add variadic content/query getters","body":"","commiter": {"name":"tanner0101","email":"me@tanner.xyz","date": 1514610153 }},{"commit":"94df845c","subject":"add bcrypt hasher","body":"","commiter": {"name":"tanner0101","email":"me@tanner.xyz","date": 1514596062 }},{"commit":"d089df20","subject":"sessions cookie cleanup","body":"","commiter": {"name":"tanner0101","email":"me@tanner.xyz","date": 1514508063 }},{"commit":"a41f090c","subject":"sessions fix","body":"","commiter": {"name":"tanner0101","email":"me@tanner.xyz","date": 1514507395 }},{"commit":"afaa7a5c","subject":"fix missing ?","body":"","commiter": {"name":"tanner0101","email":"me@tanner.xyz","date": 1514506322 }},{"commit":"bd5abaaf","subject":"content cleanup","body":"","commiter": {"name":"tanner0101","email":"me@tanner.xyz","date": 1514506132 }},{"commit":"0d857a90","subject":"register sessions with services","body":"","commiter": {"name":"tanner0101","email":"me@tanner.xyz","date": 1514505918 }},{"commit":"968c76b9","subject":"remove redis dump","body":"","commiter": {"name":"tanner0101","email":"me@tanner.xyz","date": 1514505569 }},{"commit":"0e7c66b1","subject":"better session cache caching","body":"","commiter": {"name":"tanner0101","email":"me@tanner.xyz","date": 1514505044 }},{"commit":"ec6a169d","subject":"add is singleton flag","body":"","commiter": {"name":"tanner0101","email":"me@tanner.xyz","date": 1514504996 }},{"commit":"e5b1aebb","subject":"encodable session","body":"","commiter": {"name":"tanner0101","email":"me@tanner.xyz","date": 1514504789 }},{"commit":"558512f3","subject":"updates","body":"","commiter": {"name":"tanner0101","email":"me@tanner.xyz","date": 1514504398 }},{"commit":"6fb42b28","subject":"sessions","body":"","commiter": {"name":"tanner0101","email":"me@tanner.xyz","date": 1514502715 }},{"commit":"4a6804e1","subject":"renamed methods for adding middleware to using","body":"","commiter": {"name":"Maksim Bazarov","email":"bazaroffma@gmail.com","date": 1514131781 }},{"commit":"7fbb830b","subject":"renamed Validator to Closure since it's no longer validate","body":"","commiter": {"name":"Maksim Bazarov","email":"bazaroffma@gmail.com","date": 1514124889 }},{"commit":"53130505","subject":"renamed validate to beforeEach to better describe itself","body":"","commiter": {"name":"Maksim Bazarov","email":"bazaroffma@gmail.com","date": 1514124617 }},{"commit":"4ff3ddf2","subject":"refactor RoutingGroups add RoutingGroups test add PathComponent equitable functions","body":"","commiter": {"name":"Maksim Bazarov","email":"bazaroffma@gmail.com","date": 1514120220 }},{"commit":"5a31fc8c","subject":"Unified boolValue behavior across Linux and Mac","body":"Swift 4.1 on Linux removed protocol Boolean aligning behavior with\nthe macOS/IOS.\n","commiter": {"name":"Marcin Kliks","email":"marcin.kliks@allegrogroup.com","date": 1513991237 }},{"commit":"c5e9b94f","subject":"Added Leaderboard App","body":"","commiter": {"name":"GitHub","email":"noreply@github.com","date": 1513853319 }},{"commit":"5d1aea94","subject":"Optimize data encoding","body":"","commiter": {"name":"Joannis Orlandos","email":"joannis@orlandos.nl","date": 1513822509 }},{"commit":"5cea52d0","subject":"simplify router closure return","body":"","commiter": {"name":"Tanner Nelson","email":"me@tanner.xyz","date": 1513818034 }},{"commit":"40b83d7f","subject":"Add explicit type parameter to decodeJSONBody","body":"","commiter": {"name":"Zsolt Váradi","email":"vzsg@users.noreply.github.com","date": 1513815496 }},{"commit":"2e873199","subject":"remove print","body":"","commiter": {"name":"Tanner Nelson","email":"me@tanner.xyz","date": 1513729782 }},{"commit":"cdc5081a","subject":"Vapor 3 Middleware not Configurable #1371","body":"","commiter": {"name":"Tanner Nelson","email":"me@tanner.xyz","date": 1513729658 }},{"commit":"d8bb63c9","subject":"Update README.md","body":"","commiter": {"name":"GitHub","email":"noreply@github.com","date": 1513726536 }},{"commit":"66c23c44","subject":"Update README.md","body":"","commiter": {"name":"GitHub","email":"noreply@github.com","date": 1513726499 }},{"commit":"4762ceaf","subject":"Update README.md","body":"","commiter": {"name":"GitHub","email":"noreply@github.com","date": 1513726477 }},{"commit":"2989432c","subject":"Update README.md","body":"","commiter": {"name":"GitHub","email":"noreply@github.com","date": 1513726453 }},{"commit":"174aad0f","subject":"Update README.md","body":"","commiter": {"name":"GitHub","email":"noreply@github.com","date": 1513726270 }},{"commit":"84b10a19","subject":"kqueue/dispatch","body":"","commiter": {"name":"Tanner Nelson","email":"me@tanner.xyz","date": 1513703356 }},{"commit":"79d49eed","subject":"fix circle yml","body":"","commiter": {"name":"Tanner Nelson","email":"me@tanner.xyz","date": 1513702839 }},{"commit":"5a9b311a","subject":"fix ci","body":"","commiter": {"name":"Tanner Nelson","email":"me@tanner.xyz","date": 1513702777 }},{"commit":"7c4c51e2","subject":"separate fluent mysql","body":"","commiter": {"name":"Tanner Nelson","email":"me@tanner.xyz","date": 1513694585 }},{"commit":"17852b9a","subject":"separate out auth and redis","body":"","commiter": {"name":"Tanner Nelson","email":"me@tanner.xyz","date": 1513694207 }},{"commit":"f6f598af","subject":"separate fluent and leaf","body":"","commiter": {"name":"tanner0101","email":"me@tanner.xyz","date": 1513672217 }},{"commit":"60c22bd9","subject":"separate console packages","body":"","commiter": {"name":"tanner0101","email":"me@tanner.xyz","date": 1513669550 }},{"commit":"5623322b","subject":"remove services & engine","body":"","commiter": {"name":"tanner0101","email":"me@tanner.xyz","date": 1513668952 }},{"commit":"51961a87","subject":"core & async betas","body":"","commiter": {"name":"tanner0101","email":"me@tanner.xyz","date": 1513659465 }},{"commit":"b57dd4e6","subject":"tests compiling","body":"","commiter": {"name":"tanner0101","email":"me@tanner.xyz","date": 1513643173 }},{"commit":"dbe1fd8e","subject":"Fixed string sending","body":"","commiter": {"name":"Joannis Orlandos","email":"joannis@orlandos.nl","date": 1513642375 }},{"commit":"2653ebbf","subject":"fix mysql","body":"","commiter": {"name":"Joannis Orlandos","email":"joannis@orlandos.nl","date": 1513641960 }},{"commit":"d357882f","subject":"revert package.swift updates","body":"","commiter": {"name":"tanner0101","email":"me@tanner.xyz","date": 1513641799 }},{"commit":"a471c569","subject":"development tests","body":"","commiter": {"name":"tanner0101","email":"me@tanner.xyz","date": 1513641727 }},{"commit":"2278916a","subject":"try to get mysql working","body":"","commiter": {"name":"Joannis Orlandos","email":"joannis@orlandos.nl","date": 1513641360 }},{"commit":"ed70abfb","subject":"fluent connection fixes","body":"","commiter": {"name":"tanner0101","email":"me@tanner.xyz","date": 1513637669 }},{"commit":"c56e2162","subject":"fix database id passing","body":"","commiter": {"name":"tanner0101","email":"me@tanner.xyz","date": 1513636259 }},{"commit":"6752884d","subject":"partial fluent query fixes","body":"","commiter": {"name":"Tanner Nelson","email":"me@tanner.xyz","date": 1513635764 }},{"commit":"9d802443","subject":"file serving","body":"","commiter": {"name":"Tanner Nelson","email":"me@tanner.xyz","date": 1513635103 }},{"commit":"9ddb0046","subject":"Fix some websocket bugs","body":"","commiter": {"name":"Joannis Orlandos","email":"joannis@orlandos.nl","date": 1513634391 }},{"commit":"fa4501db","subject":"fix apple tls read","body":"","commiter": {"name":"Tanner Nelson","email":"me@tanner.xyz","date": 1513634087 }},{"commit":"bbe05624","subject":"fix instance register","body":"","commiter": {"name":"Tanner Nelson","email":"me@tanner.xyz","date": 1513633001 }},{"commit":"28090ebb","subject":"Remove print statements","body":"","commiter": {"name":"Joannis Orlandos","email":"joannis@orlandos.nl","date": 1513629738 }},{"commit":"23fd7b2c","subject":"http serializer + client + socket status","body":"","commiter": {"name":"Tanner Nelson","email":"me@tanner.xyz","date": 1513629029 }},{"commit":"d024c747","subject":"Serialize websocket data","body":"","commiter": {"name":"Joannis Orlandos","email":"joannis@orlandos.nl","date": 1513628671 }},{"commit":"2db25a66","subject":"fix linux compilation","body":"","commiter": {"name":"Joannis Orlandos","email":"joannis@orlandos.nl","date": 1513626821 }},{"commit":"026983b9","subject":"fix mysql crash","body":"","commiter": {"name":"Joannis Orlandos","email":"joannis@orlandos.nl","date": 1513620955 }},{"commit":"d8dd7ee6","subject":"reverse development vars","body":"","commiter": {"name":"Joannis Orlandos","email":"joannis@orlandos.nl","date": 1513620330 }},{"commit":"14621fe1","subject":"fix test compilation","body":"","commiter": {"name":"Joannis Orlandos","email":"joannis@orlandos.nl","date": 1513620263 }},{"commit":"3d45555e","subject":"update mysql fluent","body":"","commiter": {"name":"Joannis Orlandos","email":"joannis@orlandos.nl","date": 1513620183 }},{"commit":"f30bfa33","subject":"fix all of mysql with reactiveness","body":"","commiter": {"name":"Joannis Orlandos","email":"joannis@orlandos.nl","date": 1513619687 }},{"commit":"c61b5d68","subject":"add text fields","body":"","commiter": {"name":"Joannis Orlandos","email":"joannis@orlandos.nl","date": 1513616355 }},{"commit":"4eedbdce","subject":"more mysql implementations","body":"","commiter": {"name":"Joannis Orlandos","email":"joannis@orlandos.nl","date": 1513616156 }},{"commit":"dbf4ba88","subject":"more mysql updates","body":"","commiter": {"name":"Joannis Orlandos","email":"joannis@orlandos.nl","date": 1513611074 }},{"commit":"a87fc545","subject":"rewrote packet interal buffers","body":"","commiter": {"name":"Joannis Orlandos","email":"joannis@orlandos.nl","date": 1513597997 }},{"commit":"4fff2137","subject":"rewrote the mysql packet parser","body":"","commiter": {"name":"Joannis Orlandos","email":"joannis@orlandos.nl","date": 1513597699 }},{"commit":"05578c04","subject":"Test compilation with eventloops","body":"","commiter": {"name":"Joannis Orlandos","email":"joannis@orlandos.nl","date": 1513593642 }},{"commit":"641aeaea","subject":"vapor compiling","body":"","commiter": {"name":"Tanner Nelson","email":"me@tanner.xyz","date": 1513585589 }},{"commit":"b3c05afb","subject":"http tests passing","body":"","commiter": {"name":"Tanner Nelson","email":"me@tanner.xyz","date": 1513563131 }},{"commit":"5856510b","subject":"http server compiling","body":"","commiter": {"name":"Tanner Nelson","email":"me@tanner.xyz","date": 1513562295 }},{"commit":"fe49d49e","subject":"tcp fixes","body":"","commiter": {"name":"Tanner Nelson","email":"me@tanner.xyz","date": 1513556353 }},{"commit":"556ac20e","subject":"update remote branch lock","body":"","commiter": {"name":"Joannis Orlandos","email":"joannis@orlandos.nl","date": 1513554761 }},{"commit":"9371979a","subject":"More mysql parsing refactorign","body":"","commiter": {"name":"Joannis Orlandos","email":"joannis@orlandos.nl","date": 1513554430 }},{"commit":"c27b5e70","subject":"compiling mysql again","body":"","commiter": {"name":"Joannis Orlandos","email":"joannis@orlandos.nl","date": 1513553506 }},{"commit":"9d82ca96","subject":"rework mysql handshake","body":"","commiter": {"name":"Joannis Orlandos","email":"joannis@orlandos.nl","date": 1513552460 }},{"commit":"041c6d9d","subject":"clean up mysql's internals more","body":"","commiter": {"name":"Joannis Orlandos","email":"joannis@orlandos.nl","date": 1513551367 }},{"commit":"e5181f3f","subject":"more purging","body":"","commiter": {"name":"Joannis Orlandos","email":"joannis@orlandos.nl","date": 1513549351 }},{"commit":"23a43bac","subject":"Start MySQL refactor","body":"","commiter": {"name":"Joannis Orlandos","email":"joannis@orlandos.nl","date": 1513548735 }},{"commit":"d09e81f3","subject":"update websockets, not yet writing","body":"","commiter": {"name":"Joannis Orlandos","email":"joannis@orlandos.nl","date": 1513542920 }},{"commit":"61fd612d","subject":"websocket serialization","body":"","commiter": {"name":"Joannis Orlandos","email":"joannis@orlandos.nl","date": 1513537930 }},{"commit":"76a92a33","subject":"Make use of Async protocol helpers","body":"","commiter": {"name":"Joannis Orlandos","email":"joannis@orlandos.nl","date": 1513536245 }},{"commit":"0d81440f","subject":"compiling again","body":"","commiter": {"name":"Joannis Orlandos","email":"joannis@orlandos.nl","date": 1513524907 }},{"commit":"faa4ae9e","subject":"more websocket refactorign","body":"","commiter": {"name":"Joannis Orlandos","email":"joannis@orlandos.nl","date": 1513523485 }},{"commit":"6cb82fdd","subject":"improve websocket frame parsing","body":"","commiter": {"name":"Joannis Orlandos","email":"joannis@orlandos.nl","date": 1513521785 }},{"commit":"2a38f0a0","subject":"clean up redis parser using the new async protocol","body":"","commiter": {"name":"Joannis Orlandos","email":"joannis@orlandos.nl","date": 1513518288 }},{"commit":"70db472d","subject":"initial websocket work","body":"","commiter": {"name":"Joannis Orlandos","email":"joannis@orlandos.nl","date": 1513516877 }},{"commit":"c1007136","subject":"remove print statement","body":"","commiter": {"name":"Joannis Orlandos","email":"joannis@orlandos.nl","date": 1513511741 }},{"commit":"fa6d4840","subject":"pub/sub refactor","body":"","commiter": {"name":"Joannis Orlandos","email":"joannis@orlandos.nl","date": 1513511687 }},{"commit":"4798ebe6","subject":"Clean up redis","body":"","commiter": {"name":"Joannis Orlandos","email":"joannis@orlandos.nl","date": 1513508210 }},{"commit":"0a1cd4a8","subject":"Delete CODE_OF_CONDUCT.md","body":"","commiter": {"name":"GitHub","email":"noreply@github.com","date": 1513497752 }},{"commit":"3f13fd04","subject":"Create CODE_OF_CONDUCT.md","body":"","commiter": {"name":"GitHub","email":"noreply@github.com","date": 1513497696 }},{"commit":"b54938a5","subject":"fix spacing","body":"","commiter": {"name":"tanner0101","email":"me@tanner.xyz","date": 1513496493 }},{"commit":"98d3aeb5","subject":"Add Date range checks to the IsCount validator. Extend the IsCount validator so ranges are handled more correctly and Int and UInt ranges and values are more flexibly compared. Extend the validator to allow lexicographical comparison of strings. Add more tests for integer ranges. Credit to @twostraws for the majority of this work.","body":"","commiter": {"name":"Gwynne Raskind","email":"gwynne@darkrainfall.org","date": 1513477370 }},{"commit":"1874f413","subject":"Make Date available as validation data","body":"","commiter": {"name":"Gwynne Raskind","email":"gwynne@darkrainfall.org","date": 1513477260 }},{"commit":"b7870496","subject":"redis updated","body":"","commiter": {"name":"Joannis Orlandos","email":"joannis@orlandos.nl","date": 1513467582 }},{"commit":"69ec0c7c","subject":"remove print statements","body":"","commiter": {"name":"Joannis Orlandos","email":"joannis@orlandos.nl","date": 1513466890 }},{"commit":"aae985fa","subject":"Update redis streams","body":"","commiter": {"name":"Joannis Orlandos","email":"joannis@orlandos.nl","date": 1513466572 }},{"commit":"6927d306","subject":"Uncomment modules","body":"","commiter": {"name":"Joannis Orlandos","email":"joannis@orlandos.nl","date": 1513458990 }},{"commit":"9e045fb2","subject":"Change async branch","body":"","commiter": {"name":"Joannis Orlandos","email":"joannis@orlandos.nl","date": 1513458258 }},{"commit":"5acedf35","subject":"Trying to get the new eventloop system up","body":"","commiter": {"name":"Joannis Orlandos","email":"joannis@orlandos.nl","date": 1513458117 }},{"commit":"49ad38e8","subject":"reactive openssl","body":"","commiter": {"name":"Tanner Nelson","email":"me@tanner.xyz","date": 1513456795 }},{"commit":"75afb7e8","subject":"Clean up a serialization bug","body":"","commiter": {"name":"Joannis Orlandos","email":"joannis@orlandos.nl","date": 1513424426 }},{"commit":"276249d4","subject":"Small performance improvements","body":"","commiter": {"name":"Joannis Orlandos","email":"joannis@orlandos.nl","date": 1513423242 }},{"commit":"dde944fe","subject":"improved HTTP header serialization","body":"","commiter": {"name":"Joannis Orlandos","email":"joannis@orlandos.nl","date": 1513422410 }},{"commit":"2e20258b","subject":"Add validation data conformance for Int8/16/32/64 and UInt8/16/32/64","body":"","commiter": {"name":"Gwynne Raskind","email":"gwynne@darkrainfall.org","date": 1513421742 }},{"commit":"42ccf2fb","subject":"Allow unsigned integer data for validation. Make IsCount() validator generic over integer range types and support uints. Add tests.","body":"","commiter": {"name":"Gwynne Raskind","email":"gwynne@darkrainfall.org","date": 1513421592 }},{"commit":"791cb9a2","subject":"redis crud test passing","body":"","commiter": {"name":"tanner0101","email":"me@tanner.xyz","date": 1513418489 }},{"commit":"6fe54ea9","subject":"default database","body":"","commiter": {"name":"tanner0101","email":"me@tanner.xyz","date": 1513415068 }},{"commit":"4ebe99aa","subject":"automatic migrations","body":"","commiter": {"name":"Tanner Nelson","email":"me@tanner.xyz","date": 1513405492 }},{"commit":"7268ebbf","subject":"clean up key string decodable","body":"","commiter": {"name":"Tanner Nelson","email":"me@tanner.xyz","date": 1513403021 }},{"commit":"1dc1d72c","subject":"update to map/flatMap futures","body":"","commiter": {"name":"Tanner Nelson","email":"me@tanner.xyz","date": 1513402121 }},{"commit":"791aeead","subject":"remove max: params where using buffers","body":"","commiter": {"name":"Tanner Nelson","email":"me@tanner.xyz","date": 1513397170 }},{"commit":"5d9c58db","subject":"update async branch in package.swift","body":"","commiter": {"name":"Tanner Nelson","email":"me@tanner.xyz","date": 1513395988 }},{"commit":"0c96bf7c","subject":"remove appletls dep from tls","body":"","commiter": {"name":"Tanner Nelson","email":"me@tanner.xyz","date": 1513395586 }},{"commit":"b71290e7","subject":"reactive tests passing","body":"","commiter": {"name":"Tanner Nelson","email":"me@tanner.xyz","date": 1513395414 }},{"commit":"0a659546","subject":"tests compiling, reactive streams","body":"","commiter": {"name":"Tanner Nelson","email":"me@tanner.xyz","date": 1513394182 }},{"commit":"6b95bac0","subject":"move dispatch socket stream to async","body":"","commiter": {"name":"Tanner Nelson","email":"me@tanner.xyz","date": 1513393568 }},{"commit":"bea4998d","subject":"cleanup server start method","body":"","commiter": {"name":"Tanner Nelson","email":"me@tanner.xyz","date": 1513393368 }},{"commit":"4d7a5861","subject":"cleanup http accept stream","body":"","commiter": {"name":"Tanner Nelson","email":"me@tanner.xyz","date": 1513392744 }},{"commit":"deeaeefe","subject":"print uncaught errors","body":"","commiter": {"name":"Tanner Nelson","email":"me@tanner.xyz","date": 1513387339 }},{"commit":"abe2e181","subject":"reactive streams vapor","body":"","commiter": {"name":"Tanner Nelson","email":"me@tanner.xyz","date": 1513386759 }},{"commit":"27af66a3","subject":"Fix adding multiple services of the same type with different tags, add test for this case. Adds missing test specs in allTests for services tests.","body":"","commiter": {"name":"Gwynne Raskind","email":"gwynne@darkrainfall.org","date": 1513386677 }},{"commit":"82bb0518","subject":"redis temp reactive streams update","body":"","commiter": {"name":"Tanner Nelson","email":"me@tanner.xyz","date": 1513381713 }},{"commit":"a1b459bb","subject":"fluent passing tests","body":"","commiter": {"name":"Tanner Nelson","email":"me@tanner.xyz","date": 1513379631 }},{"commit":"1efb7b45","subject":"http + crypto tests passing","body":"","commiter": {"name":"Tanner Nelson","email":"me@tanner.xyz","date": 1513377830 }},{"commit":"a1da1894","subject":"http server","body":"","commiter": {"name":"Tanner Nelson","email":"me@tanner.xyz","date": 1513367439 }},{"commit":"80a2cbb8","subject":"http cleanup","body":"","commiter": {"name":"Tanner Nelson","email":"me@tanner.xyz","date": 1513364718 }},{"commit":"194bf6a1","subject":"reactive stream protocol method reduction","body":"","commiter": {"name":"Tanner Nelson","email":"me@tanner.xyz","date": 1513363273 }},{"commit":"8bf8648a","subject":"remove hardcoded CPU count","body":"","commiter": {"name":"Joannis Orlandos","email":"joannis@orlandos.nl","date": 1513346736 }},{"commit":"89c768dc","subject":"remove basic stream","body":"","commiter": {"name":"Tanner Nelson","email":"me@tanner.xyz","date": 1513303018 }},{"commit":"7f825b23","subject":"reactive http client","body":"","commiter": {"name":"Tanner Nelson","email":"me@tanner.xyz","date": 1513297729 }},{"commit":"4b089afa","subject":"serializer stream fixes","body":"","commiter": {"name":"Tanner Nelson","email":"me@tanner.xyz","date": 1513284914 }},{"commit":"f83ee95c","subject":"updates","body":"","commiter": {"name":"tanner0101","email":"me@tanner.xyz","date": 1513280245 }},{"commit":"2d0c6384","subject":"Made UUID conform to Parameter.","body":"","commiter": {"name":"Paul Hudson","email":"paul.hudson@gmail.com","date": 1513275084 }},{"commit":"bd5c563e","subject":"streaming serializer tests","body":"","commiter": {"name":"tanner0101","email":"me@tanner.xyz","date": 1513228423 }},{"commit":"e1ea34f2","subject":"http reactive streams","body":"","commiter": {"name":"Tanner Nelson","email":"me@tanner.xyz","date": 1513212826 }},{"commit":"8c25ab52","subject":"descriptor","body":"","commiter": {"name":"Tanner Nelson","email":"me@tanner.xyz","date": 1513151384 }},{"commit":"07660b6f","subject":"cleanup tls files","body":"","commiter": {"name":"Tanner Nelson","email":"me@tanner.xyz","date": 1513151228 }},{"commit":"1fef3c47","subject":"dispatch socket prepare methods","body":"","commiter": {"name":"Tanner Nelson","email":"me@tanner.xyz","date": 1513151081 }},{"commit":"84ea0e55","subject":"cleanup write count switch","body":"","commiter": {"name":"Tanner Nelson","email":"me@tanner.xyz","date": 1513149310 }},{"commit":"186b2389","subject":"dispatch socket stream","body":"","commiter": {"name":"Tanner Nelson","email":"me@tanner.xyz","date": 1513149043 }},{"commit":"a866ba51","subject":"tls stream decoupling","body":"","commiter": {"name":"Tanner Nelson","email":"me@tanner.xyz","date": 1513143320 }},{"commit":"00cf2775","subject":"sqlite streams update","body":"","commiter": {"name":"Tanner Nelson","email":"me@tanner.xyz","date": 1513131751 }},{"commit":"17440b3a","subject":"refactor tcp","body":"","commiter": {"name":"Tanner Nelson","email":"me@tanner.xyz","date": 1513120553 }},{"commit":"4dc37097","subject":"separate server and stream","body":"","commiter": {"name":"Tanner Nelson","email":"me@tanner.xyz","date": 1513114456 }},{"commit":"8730dbd0","subject":"keypath-decoder","body":"","commiter": {"name":"Tanner Nelson","email":"me@tanner.xyz","date": 1513110550 }},{"commit":"745f6076","subject":"Per issue #1345, heavily refactor `ConsoleColor` and `ConsoleStyle` to more accurately represent the color possibilities of the console and to redefine the concept of a style at a higher level.","body":"","commiter": {"name":"Gwynne Raskind","email":"gwynne@darkrainfall.org","date": 1513041850 }},{"commit":"079dbdb6","subject":"Add support for 'bright' terminal colors (90-97 and 100-107), 'bold' terminal colors (SGR 1), and specifying background colors in a `ConsoleStyle`.","body":"","commiter": {"name":"Gwynne Raskind","email":"gwynne@darkrainfall.org","date": 1513033894 }},{"commit":"c40daeb6","subject":"Reverse testing credentials","body":"","commiter": {"name":"Joannis Orlandos","email":"joannis@orlandos.nl","date": 1513031289 }},{"commit":"abe45f64","subject":"Conform more number types to `Content`","body":"","commiter": {"name":"Joannis Orlandos","email":"joannis@orlandos.nl","date": 1513031041 }},{"commit":"72bb4387","subject":"sqlite streams","body":"","commiter": {"name":"tanner0101","email":"me@tanner.xyz","date": 1513028915 }},{"commit":"9691c4d5","subject":"Support single value decoding in MySQL","body":"","commiter": {"name":"Joannis Orlandos","email":"joannis@orlandos.nl","date": 1513024773 }},{"commit":"218cd388","subject":"Fixed websocket reading","body":"","commiter": {"name":"Joannis Orlandos","email":"joannis@orlandos.nl","date": 1513021497 }},{"commit":"c5ce4809","subject":"Fixed websocket bug","body":"","commiter": {"name":"Joannis Orlandos","email":"joannis@orlandos.nl","date": 1512943812 }},{"commit":"d5126f17","subject":"Add query parameters and fragement to route","body":"","commiter": {"name":"Joannis Orlandos","email":"joannis@orlandos.nl","date": 1512908669 }},{"commit":"acdb03db","subject":"Update TCP server tests","body":"","commiter": {"name":"Joannis Orlandos","email":"joannis@orlandos.nl","date": 1512907884 }},{"commit":"5fafdf7d","subject":"Flush complete responses if `connection: Close`","body":"","commiter": {"name":"Joannis Orlandos","email":"joannis@orlandos.nl","date": 1512906097 }},{"commit":"bc5a0f90","subject":"Update AppleSSL back","body":"","commiter": {"name":"Joannis Orlandos","email":"joannis@orlandos.nl","date": 1512904662 }},{"commit":"1a319f89","subject":"Explicitly define inputStream to be from Async","body":"","commiter": {"name":"Joannis Orlandos","email":"joannis@orlandos.nl","date": 1512902676 }}]